Project_ID,Project_Name,Category,Contractor,Start_Date,Planned_End_Date,Actual_End_Date,Budget_MYR,Actual_Cost_MYR,Delay_Days
P0001,Project_1,Residential,WCT,2023-10-17,2024-05-08,2024-05-08,70737657,81897578,0
P0002,Project_2,Commercial,SP Setia,2023-03-09,2023-07-09,2023-07-09,63690184,70741104,0
P0003,Project_3,Residential,IJM,2023-10-28,2025-08-06,2025-08-06,125583634,148603196,0
P0004,Project_4,Residential,Gamuda,2023-12-16,2025-05-21,2025-05-21,46736211,54551577,0
P0005,Project_5,Residential,UEM,2023-01-25,2023-08-02,2023-08-02,76006778,87818696,0
P0006,Project_6,Commercial,Sunway,2022-03-22,2024-01-06,2024-01-06,56617074,51863421,0
P0007,Project_7,Commercial,Sunway,2022-03-23,2023-02-14,2023-03-21,79617971,97872745,35
P0008,Project_8,Industrial,UEM,2022-12-30,2023-10-30,2023-10-30,50939680,50210418,0
P0009,Project_9,Infrastructure,UEM,2022-10-04,2024-07-25,2024-07-25,20015728,18239033,0
P0010,Project_10,Industrial,IJM,2022-10-02,2023-03-08,2023-03-08,62076502,64464657,0
P0011,Project_11,Commercial,IJM,2022-09-29,2023-05-19,2023-05-19,120006828,124781920,0
P0012,Project_12,Industrial,WCT,2023-06-06,2025-01-21,2025-01-21,34433715,32918414,0
P0013,Project_13,Residential,SP Setia,2022-03-07,2023-07-04,2023-10-19,147033050,171439113,107
P0014,Project_14,Industrial,Gamuda,2024-01-09,2024-08-03,2024-08-03,96315158,101339711,0
P0015,Project_15,Infrastructure,SP Setia,2024-01-10,2025-01-03,2025-01-03,141279761,170197114,0
P0016,Project_16,Residential,WCT,2023-06-04,2025-05-17,2025-05-17,105371734,114726916,0
P0017,Project_17,Infrastructure,IJM,2022-11-28,2024-07-10,2024-07-10,102436907,122010851,0
P0018,Project_18,Commercial,IJM,2022-03-01,2023-01-31,2023-01-31,27992422,33188043,0
P0019,Project_19,Commercial,WCT,2023-11-07,2025-06-05,2025-06-05,76150596,84702907,0
P0020,Project_20,Residential,IJM,2024-02-13,2024-12-04,2025-03-03,105239303,122631208,89
P0021,Project_21,Residential,IJM,2022-08-19,2023-01-21,2023-01-21,66770953,60261906,0
P0022,Project_22,Commercial,WCT,2022-03-11,2022-07-11,2022-07-11,143017733,162202449,0
P0023,Project_23,Commercial,Gamuda,2022-05-16,2024-03-20,2024-08-24,70229074,100642274,157
P0024,Project_24,Residential,Gamuda,2022-04-10,2023-09-23,2024-01-01,115354427,145430645,100
P0025,Project_25,Industrial,IJM,2023-02-17,2024-04-29,2024-04-29,56429568,59646885,0
P0026,Project_26,Residential,Gamuda,2022-10-13,2024-04-28,2024-04-28,123952003,148691386,0
P0027,Project_27,Commercial,UEM,2023-10-30,2025-08-03,2025-08-03,68452636,73242567,0
P0028,Project_28,Industrial,Sunway,2022-03-02,2022-11-15,2022-11-15,109803042,128955405,0
P0029,Project_29,Residential,WCT,2023-03-10,2024-12-28,2025-06-25,46552957,49789530,179
P0030,Project_30,Commercial,Gamuda,2024-01-24,2025-10-30,2025-10-30,20345186,21705790,0
P0031,Project_31,Residential,WCT,2023-06-05,2023-11-24,2023-11-24,23243105,22832198,0
P0032,Project_32,Infrastructure,Sunway,2022-09-10,2024-07-23,2024-07-23,27007253,29823712,0
P0033,Project_33,Industrial,Sunway,2022-07-29,2023-09-13,2023-09-13,111242954,125251253,0
P0034,Project_34,Infrastructure,IJM,2024-02-09,2024-07-22,2024-08-03,31838513,31169327,12
P0035,Project_35,Infrastructure,WCT,2022-12-24,2023-06-02,2023-06-02,81500721,97133434,0
P0036,Project_36,Residential,Gamuda,2024-04-06,2025-12-28,2025-12-28,32806289,31067617,0
P0037,Project_37,Commercial,SP Setia,2024-01-31,2025-11-17,2025-11-17,80633373,92822257,0
P0038,Project_38,Residential,SP Setia,2023-10-12,2024-10-06,2025-02-22,72409847,104841126,139
P0039,Project_39,Infrastructure,IJM,2023-03-10,2024-03-17,2024-03-17,94538401,106165648,0
P0040,Project_40,Commercial,WCT,2024-01-30,2025-07-25,2025-12-23,7595690,9951613,151
P0041,Project_41,Residential,Sunway,2022-02-06,2023-05-20,2023-05-20,120369993,121319763,0
P0042,Project_42,Industrial,WCT,2022-08-04,2023-07-15,2023-07-15,99939884,120872007,0
P0043,Project_43,Infrastructure,UEM,2024-02-07,2024-10-12,2024-10-12,52527133,47730104,0
P0044,Project_44,Industrial,IJM,2024-04-01,2025-03-11,2025-03-11,34016698,31076077,0
P0045,Project_45,Industrial,Sunway,2022-07-24,2024-02-05,2024-02-05,66094699,74753872,0
P0046,Project_46,Infrastructure,Gamuda,2022-10-13,2023-03-23,2023-03-23,141742544,176243018,0
P0047,Project_47,Infrastructure,UEM,2022-04-29,2023-04-21,2023-04-21,15269588,16065092,0
P0048,Project_48,Residential,WCT,2023-09-13,2025-05-18,2025-06-26,56023882,65882151,39
P0049,Project_49,Infrastructure,WCT,2024-04-05,2026-01-06,2026-01-06,120775514,136776239,0
P0050,Project_50,Commercial,IJM,2022-11-18,2023-06-23,2023-06-23,114627137,131136074,0
P0051,Project_51,Infrastructure,IJM,2023-03-07,2024-06-27,2024-06-27,114004973,102620673,0
P0052,Project_52,Industrial,SP Setia,2023-03-17,2025-01-28,2025-01-28,129819316,147535697,0
P0053,Project_53,Infrastructure,IJM,2022-06-23,2022-12-16,2022-12-16,30068434,34966532,0
P0054,Project_54,Residential,UEM,2024-04-05,2025-01-23,2025-01-23,17405401,18559339,0
P0055,Project_55,Residential,Gamuda,2023-03-01,2025-01-08,2025-03-08,137708361,137401515,59
P0056,Project_56,Residential,UEM,2024-03-08,2025-08-15,2025-08-15,144038225,157735111,0
P0057,Project_57,Industrial,WCT,2022-05-17,2023-12-03,2023-12-03,123802399,142588903,0
P0058,Project_58,Infrastructure,WCT,2023-04-02,2023-12-10,2024-04-19,74576201,104248354,131
P0059,Project_59,Infrastructure,Sunway,2023-05-12,2024-04-10,2024-06-29,25799279,27873347,80
P0060,Project_60,Commercial,Gamuda,2023-07-08,2023-12-27,2023-12-27,67078781,63958399,0
P0061,Project_61,Industrial,WCT,2023-03-01,2024-07-20,2024-10-22,116608546,143632657,94
P0062,Project_62,Industrial,UEM,2023-12-14,2024-04-02,2024-09-06,133038272,142140875,157
P0063,Project_63,Residential,UEM,2023-07-06,2025-04-15,2025-04-15,136058103,143206948,0
P0064,Project_64,Industrial,WCT,2022-12-11,2024-04-28,2024-06-19,39259824,46262283,52
P0065,Project_65,Infrastructure,UEM,2023-08-01,2023-11-26,2023-12-27,41426552,41727348,31
P0066,Project_66,Industrial,Sunway,2022-12-02,2023-10-04,2023-10-04,95597113,98722581,0
P0067,Project_67,Commercial,SP Setia,2024-05-04,2024-10-24,2024-10-24,149799199,184728161,0
P0068,Project_68,Commercial,IJM,2022-03-12,2022-07-21,2022-07-21,58515475,65389140,0
P0069,Project_69,Commercial,WCT,2023-04-30,2023-11-23,2023-11-23,129831609,151697113,0
P0070,Project_70,Industrial,UEM,2023-09-14,2024-04-08,2024-04-08,34017537,41675242,0
P0071,Project_71,Residential,WCT,2024-01-03,2024-10-22,2024-10-22,32353922,32533613,0
P0072,Project_72,Residential,UEM,2024-03-12,2024-07-22,2024-10-28,104474363,121954929,98
P0073,Project_73,Commercial,UEM,2024-04-22,2025-12-04,2026-01-10,102224110,126803687,37
P0074,Project_74,Infrastructure,Sunway,2022-06-30,2024-03-15,2024-03-15,149464689,158836994,0
P0075,Project_75,Industrial,Sunway,2024-05-22,2025-04-28,2025-04-28,126011240,133905587,0
P0076,Project_76,Infrastructure,Sunway,2022-01-30,2023-09-18,2023-09-18,135875689,160230227,0
P0077,Project_77,Industrial,UEM,2023-09-03,2024-09-09,2024-09-09,143681071,133618300,0
P0078,Project_78,Commercial,UEM,2023-07-23,2024-06-23,2024-11-01,125305938,137678313,131
P0079,Project_79,Infrastructure,Sunway,2023-12-10,2024-11-13,2024-11-13,132039895,134722297,0
P0080,Project_80,Infrastructure,Gamuda,2023-12-21,2025-06-27,2025-06-27,72485660,83536063,0
P0081,Project_81,Infrastructure,Gamuda,2024-01-31,2025-10-30,2025-10-30,63085309,62881850,0
P0082,Project_82,Commercial,Sunway,2024-05-02,2025-02-14,2025-02-14,101873274,92190415,0
P0083,Project_83,Residential,Gamuda,2022-02-16,2022-07-11,2022-07-11,38897892,45256812,0
P0084,Project_84,Infrastructure,UEM,2023-08-11,2024-08-26,2025-01-03,123237443,167248493,130
P0085,Project_85,Commercial,IJM,2022-04-27,2022-09-30,2023-01-20,24886281,31759692,112
P0086,Project_86,Commercial,WCT,2024-04-10,2026-02-05,2026-02-05,71623252,83624100,0
P0087,Project_87,Residential,IJM,2023-01-25,2024-07-29,2024-07-29,120113132,134209556,0
P0088,Project_88,Commercial,Gamuda,2023-10-03,2024-08-04,2024-08-04,47159692,51554847,0
P0089,Project_89,Infrastructure,SP Setia,2023-02-23,2024-08-27,2025-02-05,83184321,87552066,162
P0090,Project_90,Commercial,UEM,2024-05-30,2025-12-05,2025-12-05,76015841,85044265,0
P0091,Project_91,Commercial,Sunway,2022-04-28,2024-02-04,2024-02-04,76305173,70581784,0
P0092,Project_92,Industrial,Sunway,2023-09-02,2025-07-05,2025-09-26,38380930,41564665,83
P0093,Project_93,Infrastructure,WCT,2023-05-28,2025-02-28,2025-07-14,26593445,37001803,136
P0094,Project_94,Infrastructure,WCT,2022-09-14,2023-01-08,2023-01-08,10568815,11998760,0
P0095,Project_95,Industrial,Gamuda,2022-02-11,2022-11-07,2023-03-17,79667087,94001264,130
P0096,Project_96,Infrastructure,UEM,2023-04-27,2024-07-16,2024-07-16,91183419,109438939,0
P0097,Project_97,Infrastructure,Gamuda,2023-12-12,2025-07-31,2025-10-22,14850811,16117353,83
P0098,Project_98,Infrastructure,WCT,2024-03-02,2025-07-18,2025-07-18,129010831,124579810,0
P0099,Project_99,Infrastructure,UEM,2024-02-14,2025-10-06,2026-03-25,18854431,22528661,170
P0100,Project_100,Residential,WCT,2023-12-17,2025-07-25,2025-07-25,69235923,69842606,0
P0101,Project_101,Commercial,UEM,2023-02-22,2023-08-26,2023-08-26,128868974,145196465,0
P0102,Project_102,Commercial,UEM,2024-01-04,2025-01-26,2025-01-26,116532338,144859673,0
P0103,Project_103,Residential,Sunway,2023-07-19,2024-03-13,2024-03-13,141429875,134044112,0
P0104,Project_104,Industrial,IJM,2024-03-02,2025-07-29,2025-07-29,5688606,5714173,0
P0105,Project_105,Industrial,Sunway,2023-04-03,2025-01-03,2025-01-03,94238670,102739047,0
P0106,Project_106,Infrastructure,SP Setia,2024-06-09,2025-03-19,2025-05-29,67696440,77916914,71
P0107,Project_107,Infrastructure,Gamuda,2023-04-30,2024-08-22,2024-08-22,137963770,130263486,0
P0108,Project_108,Commercial,Gamuda,2024-06-14,2025-12-06,2026-01-10,9119839,9937366,35
P0109,Project_109,Industrial,Sunway,2023-04-26,2024-04-21,2024-07-26,26559479,36228835,96
P0110,Project_110,Infrastructure,IJM,2023-10-04,2025-05-15,2025-05-15,23366554,26627119,0
P0111,Project_111,Residential,Gamuda,2024-02-04,2024-08-04,2024-08-04,31979706,36549619,0
P0112,Project_112,Industrial,WCT,2022-11-29,2023-04-25,2023-04-25,105620638,104085875,0
P0113,Project_113,Commercial,UEM,2023-11-30,2024-08-30,2024-08-30,26197904,27085764,0
P0114,Project_114,Industrial,Sunway,2023-08-21,2024-04-13,2024-06-21,73176523,88108441,69
P0115,Project_115,Infrastructure,SP Setia,2023-11-25,2025-09-04,2025-09-04,123575935,153935835,0
P0116,Project_116,Residential,IJM,2023-03-11,2024-02-20,2024-02-20,58476905,70094360,0
P0117,Project_117,Industrial,Sunway,2023-01-26,2024-12-01,2024-12-01,84250403,100301212,0
P0118,Project_118,Infrastructure,IJM,2022-01-09,2023-11-09,2023-12-01,81824657,82591774,22
P0119,Project_119,Residential,Sunway,2023-10-14,2024-07-24,2024-07-24,41716396,50735117,0
P0120,Project_120,Industrial,IJM,2024-03-18,2025-09-10,2025-09-10,40275588,40408040,0
P0121,Project_121,Commercial,Sunway,2022-07-25,2023-03-07,2023-03-07,147499599,146818825,0
P0122,Project_122,Commercial,SP Setia,2024-04-24,2025-11-28,2025-11-28,35915633,33270618,0
P0123,Project_123,Residential,UEM,2024-01-12,2025-05-22,2025-05-22,29240492,26458888,0
P0124,Project_124,Residential,WCT,2023-01-13,2024-01-06,2024-06-13,104716696,109719870,159
P0125,Project_125,Infrastructure,SP Setia,2023-07-29,2024-09-26,2024-09-26,21969694,23342660,0
P0126,Project_126,Residential,IJM,2023-02-23,2023-09-20,2023-09-20,14989054,16074540,0
P0127,Project_127,Industrial,WCT,2023-07-05,2024-02-18,2024-06-06,104592645,137108918,109
P0128,Project_128,Infrastructure,Gamuda,2024-01-31,2024-10-05,2024-10-05,136358094,167538904,0
P0129,Project_129,Residential,SP Setia,2023-12-08,2025-03-21,2025-05-25,124372134,164455146,65
P0130,Project_130,Residential,UEM,2023-01-12,2024-10-20,2024-10-20,21253791,20540364,0
P0131,Project_131,Commercial,WCT,2022-04-04,2023-02-05,2023-02-05,18577065,18303036,0
P0132,Project_132,Commercial,WCT,2022-07-30,2023-01-06,2023-01-06,62968999,61807191,0
P0133,Project_133,Residential,IJM,2022-01-03,2023-01-11,2023-01-11,72284473,67837114,0
P0134,Project_134,Industrial,WCT,2022-01-16,2023-04-17,2023-04-17,9236202,8481970,0
P0135,Project_135,Commercial,WCT,2022-04-27,2022-09-29,2023-02-07,102184097,108136017,131
P0136,Project_136,Industrial,UEM,2022-02-14,2023-10-30,2024-01-25,13361936,14709233,87
P0137,Project_137,Commercial,Gamuda,2023-12-04,2024-06-21,2024-11-03,24727512,30133389,135
P0138,Project_138,Industrial,WCT,2022-05-10,2023-05-16,2023-05-16,107248244,116438870,0
P0139,Project_139,Industrial,Sunway,2023-09-12,2025-02-23,2025-02-23,62719814,75943148,0
P0140,Project_140,Infrastructure,Sunway,2024-04-27,2025-11-02,2026-02-22,30524410,33233716,112
P0141,Project_141,Infrastructure,IJM,2022-06-06,2024-01-02,2024-01-02,27914821,26066791,0
P0142,Project_142,Industrial,SP Setia,2023-07-24,2023-12-22,2023-12-22,37811210,45591342,0
P0143,Project_143,Commercial,SP Setia,2022-02-22,2023-03-13,2023-03-13,99394305,107106745,0
P0144,Project_144,Commercial,UEM,2023-05-09,2024-03-23,2024-03-23,103666418,103407135,0
P0145,Project_145,Infrastructure,Sunway,2024-05-15,2026-03-10,2026-03-10,76792452,76457992,0
P0146,Project_146,Residential,Gamuda,2022-12-26,2023-04-01,2023-04-01,112584729,130523886,0
P0147,Project_147,Infrastructure,SP Setia,2024-02-04,2025-10-29,2026-01-02,117697926,118955051,65
P0148,Project_148,Residential,SP Setia,2022-11-29,2024-09-30,2024-09-30,19122074,22259099,0
P0149,Project_149,Commercial,WCT,2022-03-25,2023-03-28,2023-07-29,135368821,160691676,123
P0150,Project_150,Infrastructure,Gamuda,2022-04-27,2023-07-14,2023-07-14,81033395,89752344,0
P0151,Project_151,Commercial,Sunway,2022-08-14,2023-12-21,2023-12-21,7063486,8694186,0
P0152,Project_152,Industrial,WCT,2022-10-24,2023-12-23,2023-12-23,138515857,133182051,0
P0153,Project_153,Industrial,Gamuda,2023-12-22,2024-11-11,2024-11-11,24347618,28236284,0
P0154,Project_154,Residential,UEM,2023-04-16,2023-10-02,2023-12-31,113561440,132129019,90
P0155,Project_155,Commercial,UEM,2022-01-22,2023-03-20,2023-05-12,102134092,124662796,53
P0156,Project_156,Commercial,Sunway,2023-08-27,2025-01-08,2025-01-08,111237812,129150624,0
P0157,Project_157,Infrastructure,Sunway,2024-03-08,2024-11-25,2024-11-25,147433147,179436896,0
P0158,Project_158,Commercial,SP Setia,2024-01-15,2024-09-12,2024-09-12,44310821,42570498,0
P0159,Project_159,Industrial,SP Setia,2022-03-19,2022-12-15,2023-06-03,129541453,184611101,170
P0160,Project_160,Infrastructure,Sunway,2023-08-02,2024-09-25,2024-09-25,45522318,48441317,0
P0161,Project_161,Infrastructure,Sunway,2023-08-29,2024-01-23,2024-01-23,88324472,80654598,0
P0162,Project_162,Residential,UEM,2022-03-20,2022-09-18,2023-03-04,129208214,187902796,167
P0163,Project_163,Residential,UEM,2024-04-09,2026-02-13,2026-02-13,91309183,98201068,0
P0164,Project_164,Industrial,WCT,2022-04-16,2023-07-01,2023-07-01,15507135,16332353,0
P0165,Project_165,Infrastructure,SP Setia,2023-06-20,2025-06-03,2025-06-03,105086691,108827335,0
P0166,Project_166,Industrial,Sunway,2023-09-05,2024-01-26,2024-01-26,22693079,24855437,0
P0167,Project_167,Infrastructure,Sunway,2022-09-16,2024-08-23,2024-08-23,26878022,25520680,0
P0168,Project_168,Infrastructure,IJM,2023-11-03,2025-03-08,2025-03-08,88102754,99135213,0
P0169,Project_169,Commercial,IJM,2023-11-18,2025-08-08,2025-09-10,141496339,148994275,33
P0170,Project_170,Residential,WCT,2022-12-16,2024-07-25,2024-07-25,41927419,42075306,0
P0171,Project_171,Industrial,IJM,2024-02-29,2025-12-02,2025-12-02,95399497,106495509,0
P0172,Project_172,Commercial,UEM,2022-06-16,2023-03-18,2023-03-18,122487061,125856042,0
P0173,Project_173,Industrial,IJM,2023-09-18,2024-10-03,2024-10-03,148347527,183648129,0
P0174,Project_174,Industrial,IJM,2023-01-12,2024-11-16,2025-03-18,80637522,100951000,122
P0175,Project_175,Infrastructure,WCT,2024-04-16,2025-02-04,2025-02-04,72109727,77028095,0
P0176,Project_176,Commercial,UEM,2022-04-16,2023-12-25,2023-12-25,27515056,27390604,0
P0177,Project_177,Infrastructure,IJM,2022-04-04,2023-02-15,2023-02-15,12159225,12630503,0
P0178,Project_178,Infrastructure,IJM,2023-01-31,2023-07-23,2023-07-23,12566536,11745678,0
P0179,Project_179,Residential,Gamuda,2022-05-21,2022-09-27,2022-12-19,42256879,49871789,83
P0180,Project_180,Commercial,Sunway,2022-01-20,2023-01-07,2023-01-07,146672584,171850461,0
P0181,Project_181,Industrial,WCT,2022-05-05,2022-09-20,2022-11-30,127705503,156226041,71
P0182,Project_182,Infrastructure,IJM,2023-07-03,2023-10-17,2023-10-17,43541115,39210843,0
P0183,Project_183,Residential,UEM,2023-08-08,2025-01-05,2025-01-05,145521814,134416718,0
P0184,Project_184,Residential,Sunway,2024-06-13,2026-01-05,2026-01-26,105207597,96528407,21
P0185,Project_185,Commercial,SP Setia,2022-09-04,2023-03-19,2023-03-19,40811865,44530022,0
P0186,Project_186,Industrial,Gamuda,2023-04-21,2024-11-21,2024-11-21,41199214,48271744,0
P0187,Project_187,Industrial,WCT,2022-10-28,2023-08-20,2023-08-20,16249040,16387588,0
P0188,Project_188,Infrastructure,Sunway,2023-04-30,2024-04-13,2024-04-13,81802308,95978202,0
P0189,Project_189,Commercial,UEM,2022-05-08,2023-08-17,2023-12-16,123040903,150500564,121
P0190,Project_190,Commercial,WCT,2023-12-10,2025-07-31,2025-07-31,27175857,25208989,0
P0191,Project_191,Industrial,IJM,2022-10-28,2023-12-20,2023-12-20,93025329,93701953,0
P0192,Project_192,Industrial,Sunway,2023-12-08,2025-06-04,2025-09-11,16369626,22463842,99
P0193,Project_193,Commercial,Gamuda,2023-10-17,2024-03-13,2024-04-11,102525589,122558542,29
P0194,Project_194,Infrastructure,Sunway,2022-05-27,2024-05-08,2024-05-08,38884614,45591447,0
P0195,Project_195,Residential,WCT,2023-01-28,2024-11-28,2024-11-28,125775169,129574168,0
P0196,Project_196,Residential,Gamuda,2022-05-21,2024-02-12,2024-05-25,89392199,98842647,103
P0197,Project_197,Industrial,IJM,2024-01-24,2024-10-30,2025-03-16,36611227,39430014,137
P0198,Project_198,Commercial,SP Setia,2023-09-19,2024-10-05,2024-10-05,37920232,35111033,0
P0199,Project_199,Infrastructure,IJM,2023-04-01,2023-09-27,2023-09-27,22431950,22468442,0
P0200,Project_200,Commercial,UEM,2023-12-30,2024-09-23,2024-09-23,37577984,44237666,0
P0201,Project_201,Residential,Gamuda,2022-01-27,2023-05-01,2023-05-01,130468299,142611822,0
P0202,Project_202,Infrastructure,SP Setia,2022-11-13,2024-03-24,2024-08-03,114906474,126067014,132
P0203,Project_203,Commercial,IJM,2022-03-17,2023-09-18,2023-09-18,39449559,46277963,0
P0204,Project_204,Infrastructure,SP Setia,2023-03-20,2024-11-13,2024-11-13,144076982,137972437,0
P0205,Project_205,Infrastructure,IJM,2022-08-19,2023-11-06,2023-11-06,26168794,29368451,0
P0206,Project_206,Commercial,IJM,2023-10-03,2024-11-06,2024-11-06,139908451,154897256,0
P0207,Project_207,Infrastructure,SP Setia,2023-11-06,2025-10-15,2025-10-15,12616451,15543359,0
P0208,Project_208,Infrastructure,UEM,2022-08-04,2024-06-09,2024-06-09,138691072,151305318,0
P0209,Project_209,Industrial,UEM,2022-09-08,2024-01-26,2024-04-21,24588546,25949217,86
P0210,Project_210,Infrastructure,UEM,2023-04-21,2024-02-13,2024-02-13,88908224,89953850,0
P0211,Project_211,Industrial,IJM,2022-05-14,2023-08-26,2023-08-26,90662019,85483646,0
P0212,Project_212,Commercial,Sunway,2022-05-25,2022-11-30,2022-11-30,108119434,113130462,0
P0213,Project_213,Infrastructure,UEM,2023-08-15,2024-09-28,2024-09-28,138752136,147546980,0
P0214,Project_214,Residential,Sunway,2022-01-24,2022-07-25,2022-11-12,69620103,75714659,110
P0215,Project_215,Industrial,IJM,2023-05-22,2025-04-22,2025-10-16,81704997,115223142,177
P0216,Project_216,Commercial,Sunway,2022-09-28,2024-01-05,2024-01-05,17144663,18852247,0
P0217,Project_217,Residential,IJM,2023-07-21,2024-08-09,2024-09-06,140360063,157161338,28
P0218,Project_218,Industrial,WCT,2022-04-10,2023-08-16,2023-08-16,103141713,100013451,0
P0219,Project_219,Commercial,WCT,2022-02-11,2022-06-27,2022-06-27,94399933,102118680,0
P0220,Project_220,Infrastructure,WCT,2023-06-12,2024-01-31,2024-01-31,48621310,54250450,0
P0221,Project_221,Infrastructure,SP Setia,2022-12-11,2024-08-11,2024-12-29,85474417,87445877,140
P0222,Project_222,Commercial,SP Setia,2022-04-23,2023-09-21,2023-09-21,12153041,12067187,0
P0223,Project_223,Industrial,IJM,2022-02-22,2024-01-10,2024-01-10,145722545,162758608,0
P0224,Project_224,Commercial,UEM,2024-04-21,2025-03-25,2025-03-25,56213279,56763740,0
P0225,Project_225,Infrastructure,SP Setia,2023-12-09,2024-10-02,2025-01-25,21718505,26841131,115
P0226,Project_226,Infrastructure,SP Setia,2023-05-05,2025-01-22,2025-01-22,51488303,55946905,0
P0227,Project_227,Infrastructure,IJM,2024-03-01,2025-02-24,2025-08-09,56610519,71341126,166
P0228,Project_228,Infrastructure,Sunway,2022-11-01,2023-11-21,2024-01-23,90104976,104565091,63
P0229,Project_229,Commercial,Sunway,2022-05-05,2024-03-12,2024-08-08,110906498,165321284,149
P0230,Project_230,Commercial,IJM,2022-02-13,2023-03-04,2023-03-04,123749432,143743438,0
P0231,Project_231,Commercial,IJM,2024-04-27,2026-01-28,2026-01-28,41848929,48515958,0
P0232,Project_232,Industrial,Gamuda,2022-02-21,2023-11-16,2023-11-16,19090474,19388338,0
P0233,Project_233,Industrial,UEM,2023-11-29,2024-07-16,2024-07-16,114228387,138013776,0
P0234,Project_234,Residential,SP Setia,2023-10-29,2024-08-18,2024-08-18,81615597,99389673,0
P0235,Project_235,Residential,UEM,2023-08-11,2024-07-03,2024-07-03,51993593,62036764,0
P0236,Project_236,Residential,Sunway,2024-03-17,2025-11-04,2025-11-04,15057251,16544706,0
P0237,Project_237,Commercial,Gamuda,2022-10-19,2024-04-26,2024-10-17,41024022,54575046,174
P0238,Project_238,Infrastructure,WCT,2022-12-05,2023-08-18,2023-08-18,54982432,55971525,0
P0239,Project_239,Residential,IJM,2023-11-22,2024-09-04,2024-10-28,119810717,117364728,54
P0240,Project_240,Infrastructure,Sunway,2022-05-24,2023-12-23,2023-12-23,6833447,6713399,0
P0241,Project_241,Residential,SP Setia,2022-11-06,2024-09-22,2024-09-22,75210139,85925252,0
P0242,Project_242,Infrastructure,SP Setia,2022-05-02,2023-11-19,2023-11-19,113828192,139221793,0
P0243,Project_243,Industrial,SP Setia,2022-05-01,2023-05-28,2023-05-28,63821885,68121161,0
P0244,Project_244,Commercial,SP Setia,2023-09-13,2024-12-28,2025-04-23,149288805,205760127,116
P0245,Project_245,Residential,Gamuda,2024-02-12,2026-01-12,2026-02-11,146780392,141170182,30
P0246,Project_246,Industrial,Gamuda,2024-04-28,2026-02-07,2026-02-07,149058614,151270818,0
P0247,Project_247,Residential,UEM,2023-11-28,2024-09-23,2025-03-01,29411960,38489964,159
P0248,Project_248,Infrastructure,SP Setia,2022-05-16,2024-01-21,2024-05-16,20498598,26081984,116
P0249,Project_249,Infrastructure,SP Setia,2022-01-23,2023-06-02,2023-06-02,63492437,58149639,0
P0250,Project_250,Commercial,SP Setia,2022-03-07,2023-12-11,2023-12-11,131720648,137398259,0
P0251,Project_251,Industrial,Gamuda,2024-01-17,2025-06-20,2025-10-03,125403269,176148967,105
P0252,Project_252,Commercial,SP Setia,2023-12-01,2025-09-03,2025-09-03,36845349,40089230,0
P0253,Project_253,Industrial,IJM,2022-08-17,2022-11-18,2022-11-18,129286662,140994327,0
P0254,Project_254,Residential,Gamuda,2022-09-11,2024-03-25,2024-03-25,78994161,95292462,0
P0255,Project_255,Residential,UEM,2024-04-08,2025-09-09,2025-09-09,69603366,65100992,0
P0256,Project_256,Residential,IJM,2023-09-05,2024-01-22,2024-01-22,112982282,123028207,0
P0257,Project_257,Commercial,UEM,2023-05-31,2024-06-20,2024-06-20,91077887,109902813,0
P0258,Project_258,Infrastructure,SP Setia,2022-11-04,2023-11-10,2023-11-10,119675783,109672016,0
P0259,Project_259,Commercial,WCT,2023-11-19,2025-03-13,2025-03-13,116756293,117335517,0
P0260,Project_260,Industrial,UEM,2023-04-30,2024-03-31,2024-03-31,43749126,53380907,0
P0261,Project_261,Residential,UEM,2023-07-25,2025-04-17,2025-05-31,70191836,73241253,44
P0262,Project_262,Residential,Gamuda,2024-05-17,2025-08-29,2025-08-29,18834258,21391670,0
P0263,Project_263,Infrastructure,Gamuda,2022-07-12,2024-06-02,2024-06-02,133686402,162758046,0
P0264,Project_264,Industrial,IJM,2022-08-05,2023-05-16,2023-06-25,70120611,84325299,40
P0265,Project_265,Infrastructure,Sunway,2023-07-20,2024-09-11,2024-12-02,130158155,144510976,82
P0266,Project_266,Commercial,Sunway,2023-06-10,2025-01-29,2025-01-29,131027875,132610907,0
P0267,Project_267,Industrial,Sunway,2022-11-17,2024-04-13,2024-04-13,44170830,48307827,0
P0268,Project_268,Infrastructure,Sunway,2022-06-06,2023-03-23,2023-03-23,106962462,105465576,0
P0269,Project_269,Commercial,IJM,2024-02-21,2025-10-03,2026-03-26,128702842,164952843,174
P0270,Project_270,Residential,SP Setia,2024-01-08,2025-10-18,2025-10-18,20765765,24787553,0
P0271,Project_271,Commercial,WCT,2022-02-19,2022-05-26,2022-05-26,67124928,63960684,0
P0272,Project_272,Industrial,Gamuda,2023-04-12,2024-07-27,2024-08-21,135957415,148778178,25
P0273,Project_273,Industrial,IJM,2022-01-18,2023-10-12,2023-10-12,9601680,10986728,0
P0274,Project_274,Infrastructure,Sunway,2022-04-20,2022-10-25,2022-10-25,69684579,75556173,0
P0275,Project_275,Commercial,Sunway,2024-03-25,2025-08-03,2025-08-03,113992152,112296263,0
P0276,Project_276,Industrial,Gamuda,2023-12-02,2024-05-22,2024-05-22,30098850,31062294,0
P0277,Project_277,Infrastructure,WCT,2023-10-15,2024-01-22,2024-01-22,139179714,156677044,0
P0278,Project_278,Industrial,Sunway,2024-05-28,2024-12-01,2024-12-01,66677475,80269072,0
P0279,Project_279,Commercial,WCT,2022-02-17,2022-08-02,2022-08-02,53145106,53680258,0
P0280,Project_280,Industrial,SP Setia,2022-05-28,2023-10-07,2023-10-07,48607406,53387631,0
P0281,Project_281,Residential,Gamuda,2023-07-08,2024-09-09,2024-09-09,26052772,32331833,0
P0282,Project_282,Infrastructure,UEM,2023-03-24,2024-02-14,2024-02-14,111489162,113075856,0
P0283,Project_283,Industrial,Gamuda,2023-05-18,2024-04-05,2024-07-15,120923300,140758623,101
P0284,Project_284,Commercial,SP Setia,2024-03-01,2025-03-28,2025-03-28,27021911,27913633,0
P0285,Project_285,Infrastructure,Sunway,2023-02-03,2024-03-23,2024-03-23,29567329,29800721,0
P0286,Project_286,Industrial,Gamuda,2022-04-15,2022-11-26,2022-11-26,120690182,132054248,0
P0287,Project_287,Industrial,UEM,2022-01-27,2022-07-27,2022-07-27,92088602,83277492,0
P0288,Project_288,Commercial,Sunway,2024-03-08,2024-08-31,2024-08-31,144882933,149701189,0
P0289,Project_289,Infrastructure,UEM,2022-11-05,2023-11-04,2023-11-04,21983147,21908110,0
P0290,Project_290,Commercial,UEM,2024-03-12,2024-08-27,2024-08-27,71193516,76428435,0
P0291,Project_291,Infrastructure,UEM,2022-04-20,2022-12-04,2022-12-04,111217757,124237715,0
P0292,Project_292,Commercial,UEM,2022-12-09,2024-05-22,2024-05-22,85647482,105478952,0
P0293,Project_293,Commercial,Sunway,2022-11-18,2023-08-16,2023-08-16,83235017,93349391,0
P0294,Project_294,Commercial,SP Setia,2023-01-21,2024-02-02,2024-02-02,35571529,34501893,0
P0295,Project_295,Residential,UEM,2024-02-26,2025-12-10,2025-12-26,61277062,62256696,16
P0296,Project_296,Industrial,UEM,2023-11-21,2025-07-14,2025-07-14,69967062,66745088,0
P0297,Project_297,Industrial,WCT,2022-03-17,2023-09-17,2024-02-27,112590299,160306272,163
P0298,Project_298,Infrastructure,IJM,2022-02-07,2023-05-11,2023-05-11,34358631,38830770,0
P0299,Project_299,Residential,Gamuda,2023-10-25,2025-10-11,2025-11-01,94012311,102087271,21
P0300,Project_300,Commercial,Sunway,2022-09-22,2023-08-05,2023-08-05,124662769,132400851,0
P0301,Project_301,Commercial,Sunway,2022-01-26,2023-09-02,2023-09-02,116662553,108501911,0
P0302,Project_302,Industrial,SP Setia,2022-11-16,2024-01-31,2024-01-31,144885696,154543325,0
P0303,Project_303,Residential,Sunway,2023-12-15,2025-06-20,2025-06-20,85601526,98336691,0
P0304,Project_304,Industrial,UEM,2023-10-26,2024-05-14,2024-05-14,143511059,137203389,0
P0305,Project_305,Residential,SP Setia,2022-08-26,2024-01-12,2024-01-12,55032858,57853130,0
P0306,Project_306,Infrastructure,SP Setia,2023-09-21,2024-07-09,2024-11-11,109377311,110396515,125
P0307,Project_307,Industrial,Gamuda,2024-04-08,2024-09-09,2024-09-09,149120046,151221851,0
P0308,Project_308,Infrastructure,Sunway,2022-09-26,2024-05-09,2024-05-09,109324557,120853011,0
P0309,Project_309,Commercial,Sunway,2024-05-15,2025-11-24,2025-11-24,84844738,93885702,0
P0310,Project_310,Industrial,UEM,2022-05-01,2023-03-31,2023-03-31,54135639,51400462,0
P0311,Project_311,Commercial,WCT,2023-09-03,2024-04-21,2024-09-25,118558608,144113428,157
P0312,Project_312,Residential,Sunway,2022-06-20,2024-02-01,2024-02-01,55223892,58418612,0
P0313,Project_313,Industrial,UEM,2022-01-10,2023-08-19,2023-08-19,108064229,116374725,0
P0314,Project_314,Commercial,Sunway,2023-12-03,2025-07-18,2025-11-11,136184277,158240675,116
P0315,Project_315,Industrial,WCT,2022-02-03,2023-02-09,2023-02-09,50153252,55067150,0
P0316,Project_316,Infrastructure,WCT,2023-06-08,2023-12-30,2023-12-30,76910880,91381583,0
P0317,Project_317,Commercial,Sunway,2024-04-22,2024-09-01,2024-09-01,119126593,141823157,0
P0318,Project_318,Residential,IJM,2024-06-14,2024-10-15,2024-10-15,98570418,91714259,0
P0319,Project_319,Commercial,Gamuda,2022-08-03,2024-06-25,2024-10-02,49555351,64655703,99
P0320,Project_320,Infrastructure,Sunway,2023-08-07,2024-10-29,2024-10-29,149624581,185930993,0
P0321,Project_321,Residential,Sunway,2023-08-10,2024-08-07,2024-08-07,41396869,48640984,0
P0322,Project_322,Industrial,UEM,2024-06-06,2025-01-11,2025-01-11,44256925,52664352,0
P0323,Project_323,Residential,UEM,2022-05-26,2024-04-06,2024-04-06,116192701,107644484,0
P0324,Project_324,Residential,SP Setia,2023-06-12,2024-06-20,2024-10-02,136008443,131729508,104
P0325,Project_325,Industrial,Sunway,2023-04-15,2024-07-14,2024-08-09,63473276,78589557,26
P0326,Project_326,Residential,Gamuda,2022-11-27,2023-12-12,2023-12-12,135281901,164090740,0
P0327,Project_327,Industrial,IJM,2022-04-12,2023-10-24,2023-10-24,47408377,42678754,0
P0328,Project_328,Residential,SP Setia,2023-12-07,2024-07-19,2024-07-19,47675186,57534808,0
P0329,Project_329,Commercial,UEM,2023-01-05,2023-12-17,2023-12-17,49432801,55313400,0
P0330,Project_330,Commercial,WCT,2023-11-03,2024-05-04,2024-05-04,62289810,58953874,0
P0331,Project_331,Industrial,SP Setia,2023-11-28,2025-05-26,2025-05-26,97227483,121131269,0
P0332,Project_332,Residential,Sunway,2022-05-16,2023-12-16,2023-12-16,107829551,127463683,0
P0333,Project_333,Residential,WCT,2023-01-12,2024-02-12,2024-03-28,40741168,48725749,45
P0334,Project_334,Commercial,UEM,2023-07-31,2023-11-06,2023-11-06,123138288,120006808,0
P0335,Project_335,Industrial,Sunway,2023-09-23,2025-03-19,2025-03-19,31968399,30149557,0
P0336,Project_336,Infrastructure,SP Setia,2023-03-16,2024-05-01,2024-05-01,79347938,78305183,0
P0337,Project_337,Commercial,UEM,2022-01-28,2023-03-02,2023-03-02,110159862,101247840,0
P0338,Project_338,Infrastructure,Sunway,2023-01-31,2023-08-24,2023-11-03,24062139,32007040,71
P0339,Project_339,Industrial,Gamuda,2022-05-16,2023-09-14,2024-02-16,103089661,114705598,155
P0340,Project_340,Industrial,WCT,2022-01-18,2023-12-10,2023-12-10,75379824,92182194,0
P0341,Project_341,Commercial,Sunway,2022-10-21,2024-06-15,2024-10-09,112985521,128421251,116
P0342,Project_342,Residential,Sunway,2022-03-27,2023-05-08,2023-05-08,46708731,48425558,0
P0343,Project_343,Industrial,WCT,2023-12-17,2025-06-06,2025-06-06,70627035,74304532,0
P0344,Project_344,Residential,IJM,2023-09-16,2024-02-09,2024-02-09,37062738,35136369,0
P0345,Project_345,Infrastructure,SP Setia,2023-05-24,2024-08-11,2024-08-11,49818776,57910428,0
P0346,Project_346,Residential,UEM,2022-05-01,2022-08-29,2022-12-02,78009235,84677622,95
P0347,Project_347,Commercial,Sunway,2023-04-12,2024-12-15,2024-12-15,139113039,133327117,0
P0348,Project_348,Residential,IJM,2024-03-02,2024-09-13,2024-09-13,66311844,59740272,0
P0349,Project_349,Residential,WCT,2022-02-17,2023-09-13,2023-12-25,45288046,58974766,103
P0350,Project_350,Infrastructure,Gamuda,2024-04-02,2025-09-03,2025-09-03,71642640,82539540,0
P0351,Project_351,Residential,UEM,2023-08-09,2024-11-22,2024-11-22,53142383,57421457,0
P0352,Project_352,Infrastructure,IJM,2022-03-12,2023-09-29,2023-09-29,92859173,98417830,0
P0353,Project_353,Commercial,SP Setia,2022-10-26,2024-08-23,2024-08-23,129534372,160642078,0
P0354,Project_354,Residential,Sunway,2023-07-14,2024-06-19,2024-06-19,115068230,125371533,0
P0355,Project_355,Industrial,Gamuda,2022-01-02,2023-04-22,2023-04-22,60081444,59081608,0
P0356,Project_356,Infrastructure,UEM,2022-05-26,2023-06-06,2023-06-06,67135444,72634892,0
P0357,Project_357,Residential,WCT,2024-02-05,2024-07-30,2024-07-30,140674732,166979079,0
P0358,Project_358,Industrial,SP Setia,2023-08-05,2024-01-05,2024-01-05,68557928,82120043,0
P0359,Project_359,Commercial,WCT,2024-05-01,2025-06-29,2025-09-28,78002599,101149278,91
P0360,Project_360,Infrastructure,IJM,2022-04-22,2022-12-27,2022-12-27,125679654,130993313,0
P0361,Project_361,Infrastructure,SP Setia,2023-04-08,2024-05-17,2024-05-17,37189051,43981962,0
P0362,Project_362,Infrastructure,UEM,2023-12-15,2025-11-21,2025-11-21,92991441,106838339,0
P0363,Project_363,Industrial,WCT,2023-06-10,2023-10-28,2023-10-28,51672265,53818590,0
P0364,Project_364,Residential,Gamuda,2024-02-06,2025-11-20,2025-11-20,129028790,151974419,0
P0365,Project_365,Residential,WCT,2022-03-05,2023-01-16,2023-01-16,112530361,126101988,0
P0366,Project_366,Commercial,Gamuda,2023-08-24,2024-08-13,2024-08-13,22306580,25119337,0
P0367,Project_367,Industrial,SP Setia,2024-05-17,2025-07-20,2025-07-20,128747382,157515482,0
P0368,Project_368,Commercial,Sunway,2023-02-09,2024-09-29,2024-10-16,119531751,117573427,17
P0369,Project_369,Industrial,Gamuda,2022-10-14,2024-04-12,2024-04-12,70977348,76273114,0
P0370,Project_370,Commercial,SP Setia,2022-03-31,2023-04-11,2023-04-11,117537491,142176684,0
P0371,Project_371,Infrastructure,WCT,2024-04-01,2026-01-07,2026-01-21,101398423,120542337,14
P0372,Project_372,Residential,Sunway,2023-05-30,2024-07-22,2024-07-22,53268956,59074778,0
P0373,Project_373,Commercial,Sunway,2022-03-01,2023-09-25,2023-09-25,67481607,63098475,0
P0374,Project_374,Commercial,IJM,2023-07-01,2023-11-25,2024-01-30,100242142,137835919,66
P0375,Project_375,Commercial,WCT,2022-08-31,2024-07-27,2024-07-27,12571642,12861905,0
P0376,Project_376,Commercial,WCT,2022-07-12,2024-02-26,2024-02-26,52125660,48559747,0
P0377,Project_377,Commercial,Sunway,2022-08-13,2022-12-01,2023-04-24,5183474,6385490,144
P0378,Project_378,Commercial,Gamuda,2024-01-05,2024-10-02,2024-10-02,10882199,12478005,0
P0379,Project_379,Residential,Sunway,2024-05-16,2026-02-03,2026-02-03,105285011,119156189,0
P0380,Project_380,Infrastructure,IJM,2022-11-06,2023-12-31,2023-12-31,122270963,151155244,0
P0381,Project_381,Industrial,Sunway,2023-12-26,2025-10-21,2025-10-21,64924782,76939696,0
P0382,Project_382,Industrial,WCT,2024-01-22,2025-02-16,2025-02-16,5482621,6754832,0
P0383,Project_383,Industrial,IJM,2022-02-03,2022-11-06,2022-11-06,64296117,60209364,0
P0384,Project_384,Residential,SP Setia,2022-12-06,2023-05-24,2023-05-24,90770142,109819353,0
P0385,Project_385,Infrastructure,Sunway,2023-11-18,2025-01-24,2025-01-24,76192422,87058347,0
P0386,Project_386,Commercial,UEM,2024-03-16,2024-10-02,2024-10-02,108599200,113690181,0
P0387,Project_387,Commercial,IJM,2023-05-20,2024-09-08,2024-12-16,32227020,43188797,99
P0388,Project_388,Residential,Sunway,2023-04-08,2023-09-20,2023-09-20,10389647,12811284,0
P0389,Project_389,Industrial,SP Setia,2022-06-24,2023-10-11,2023-10-11,29992598,37336184,0
P0390,Project_390,Commercial,IJM,2022-02-01,2023-07-17,2023-07-17,121554779,113707230,0
P0391,Project_391,Industrial,WCT,2023-02-24,2024-12-12,2024-12-12,80570774,75218503,0
P0392,Project_392,Industrial,IJM,2023-07-17,2025-02-28,2025-02-28,101859277,94797365,0
P0393,Project_393,Residential,Sunway,2022-04-10,2022-08-04,2022-08-04,83332542,88811633,0
P0394,Project_394,Commercial,Sunway,2024-03-14,2025-07-24,2025-12-01,76136577,87327100,130
P0395,Project_395,Commercial,Sunway,2023-01-26,2024-05-08,2024-07-04,16976764,18695087,57
P0396,Project_396,Industrial,WCT,2023-08-01,2024-01-01,2024-01-01,28006881,33128304,0
P0397,Project_397,Industrial,WCT,2022-08-21,2024-06-07,2024-07-02,145279611,161328412,25
P0398,Project_398,Commercial,Gamuda,2022-08-30,2024-03-29,2024-03-29,110979489,127627188,0
P0399,Project_399,Industrial,Gamuda,2024-02-15,2025-08-17,2025-08-17,61878831,58423832,0
P0400,Project_400,Residential,Gamuda,2023-12-01,2025-05-19,2025-05-19,74225843,85692700,0
P0401,Project_401,Residential,SP Setia,2023-02-02,2024-11-22,2024-11-22,79142093,96633023,0
P0402,Project_402,Residential,Gamuda,2023-10-01,2025-08-22,2026-01-12,35204046,37543009,143
P0403,Project_403,Industrial,Gamuda,2023-07-31,2024-02-09,2024-02-09,115297454,130191081,0
P0404,Project_404,Infrastructure,SP Setia,2022-06-26,2023-07-03,2023-07-03,112835865,136683835,0
P0405,Project_405,Infrastructure,Sunway,2022-09-01,2023-01-19,2023-01-19,104976288,124510808,0
P0406,Project_406,Infrastructure,Sunway,2022-10-15,2024-05-30,2024-05-30,41073838,47658108,0
P0407,Project_407,Industrial,SP Setia,2024-01-17,2025-06-16,2025-06-16,55448603,67630743,0
P0408,Project_408,Industrial,IJM,2023-05-12,2025-01-19,2025-01-19,143316656,132276391,0
P0409,Project_409,Residential,IJM,2024-03-10,2025-11-26,2025-11-26,51637267,61527119,0
P0410,Project_410,Industrial,SP Setia,2022-02-03,2023-08-14,2023-08-14,58448122,69449648,0
P0411,Project_411,Industrial,WCT,2022-05-07,2022-09-05,2022-09-05,136207690,131052813,0
P0412,Project_412,Infrastructure,Gamuda,2023-07-19,2024-10-09,2024-10-09,74433494,84935887,0
P0413,Project_413,Infrastructure,SP Setia,2023-01-31,2023-06-20,2023-06-20,64418477,73256262,0
P0414,Project_414,Residential,IJM,2023-02-24,2024-10-31,2024-10-31,132264498,149006543,0
P0415,Project_415,Industrial,Sunway,2022-09-16,2024-08-28,2024-08-28,118764770,142286745,0
P0416,Project_416,Infrastructure,WCT,2022-08-12,2024-03-01,2024-05-27,32464196,41576391,87
P0417,Project_417,Infrastructure,Sunway,2023-10-25,2025-09-22,2025-09-22,85121521,90961576,0
P0418,Project_418,Commercial,Gamuda,2023-10-18,2024-12-13,2024-12-13,85206129,92112320,0
P0419,Project_419,Infrastructure,Sunway,2024-04-04,2026-03-09,2026-03-09,42562040,48069150,0
P0420,Project_420,Industrial,SP Setia,2023-03-05,2024-07-21,2024-07-21,55979963,64359001,0
P0421,Project_421,Infrastructure,SP Setia,2023-01-03,2024-09-03,2024-09-03,53623286,57096643,0
P0422,Project_422,Infrastructure,UEM,2024-04-07,2026-01-29,2026-01-29,28971238,28338644,0
P0423,Project_423,Residential,SP Setia,2024-03-18,2025-05-21,2025-05-21,83933747,79000416,0
P0424,Project_424,Industrial,WCT,2023-08-21,2025-07-05,2025-07-05,131760505,141664557,0
P0425,Project_425,Industrial,IJM,2022-11-02,2024-03-29,2024-03-29,41873704,42708433,0
P0426,Project_426,Residential,Gamuda,2022-11-20,2023-08-21,2023-09-20,94289536,93793473,30
P0427,Project_427,Residential,IJM,2023-04-08,2024-04-12,2024-04-12,47529603,55478891,0
P0428,Project_428,Residential,Gamuda,2023-09-22,2025-03-09,2025-08-28,113285113,138801697,172
P0429,Project_429,Residential,SP Setia,2023-07-01,2024-04-20,2024-04-20,91493429,99349221,0
P0430,Project_430,Infrastructure,IJM,2022-01-05,2022-12-15,2022-12-15,88776628,91816576,0
P0431,Project_431,Infrastructure,UEM,2022-03-08,2022-07-22,2022-07-22,127386786,141237483,0
P0432,Project_432,Industrial,Gamuda,2023-12-05,2024-07-19,2024-10-24,101435674,109410377,97
P0433,Project_433,Infrastructure,SP Setia,2022-08-22,2023-07-07,2023-07-07,10882298,10437698,0
P0434,Project_434,Residential,SP Setia,2023-10-29,2024-03-05,2024-03-05,148541412,164565082,0
P0435,Project_435,Infrastructure,UEM,2022-04-21,2022-08-09,2022-08-09,116877339,110245516,0
P0436,Project_436,Infrastructure,WCT,2023-12-20,2024-08-22,2024-08-22,85830333,80280796,0
P0437,Project_437,Residential,Gamuda,2023-09-13,2024-04-30,2024-04-30,142327494,133959647,0
P0438,Project_438,Infrastructure,SP Setia,2023-05-25,2024-03-13,2024-03-13,75596891,93784890,0
P0439,Project_439,Industrial,Sunway,2023-02-24,2024-03-22,2024-03-22,138239203,157713148,0
P0440,Project_440,Commercial,Gamuda,2022-08-29,2022-11-29,2022-11-29,34643573,39291274,0
P0441,Project_441,Infrastructure,Sunway,2024-03-09,2025-11-12,2025-11-12,73690512,78101842,0
P0442,Project_442,Infrastructure,UEM,2023-04-21,2023-09-09,2023-09-09,15588307,15994774,0
P0443,Project_443,Commercial,Sunway,2024-01-27,2024-08-22,2024-08-22,7596394,8600441,0
P0444,Project_444,Residential,UEM,2023-01-02,2024-06-23,2024-06-23,29951429,30549048,0
P0445,Project_445,Commercial,Gamuda,2023-02-14,2024-08-24,2024-11-11,133377917,166596673,79
P0446,Project_446,Industrial,IJM,2022-05-16,2022-10-13,2022-10-13,116676588,124719828,0
P0447,Project_447,Industrial,UEM,2023-09-18,2025-01-08,2025-01-08,40072522,42911378,0
P0448,Project_448,Commercial,SP Setia,2022-02-17,2022-07-21,2022-07-21,8317918,9459761,0
P0449,Project_449,Infrastructure,SP Setia,2024-06-13,2025-08-23,2025-08-23,121191725,119616468,0
P0450,Project_450,Industrial,UEM,2023-11-24,2025-03-22,2025-03-22,8125894,7759615,0
P0451,Project_451,Residential,WCT,2024-06-09,2025-02-23,2025-03-24,91069485,114862421,29
P0452,Project_452,Industrial,WCT,2022-08-17,2024-05-31,2024-11-21,113253842,130521560,174
P0453,Project_453,Residential,Gamuda,2023-04-04,2023-10-01,2024-02-15,89842120,102269414,137
P0454,Project_454,Infrastructure,WCT,2023-02-18,2024-07-14,2024-07-14,29399587,36370521,0
P0455,Project_455,Commercial,UEM,2023-07-30,2024-05-26,2024-11-19,96497352,100793721,177
P0456,Project_456,Commercial,Gamuda,2022-12-06,2024-09-29,2025-03-16,102521137,116671848,168
P0457,Project_457,Commercial,UEM,2022-12-16,2024-03-13,2024-03-13,145119304,136007666,0
P0458,Project_458,Industrial,IJM,2022-05-24,2023-10-15,2023-10-15,57592269,70583684,0
P0459,Project_459,Residential,UEM,2023-04-14,2024-01-24,2024-01-24,116258537,130399546,0
P0460,Project_460,Industrial,WCT,2023-04-14,2025-03-07,2025-03-07,138903294,160804853,0
P0461,Project_461,Infrastructure,WCT,2023-05-10,2025-01-09,2025-01-09,39462223,44597546,0
P0462,Project_462,Infrastructure,UEM,2023-01-29,2024-06-30,2024-06-30,78442834,80011736,0
P0463,Project_463,Infrastructure,SP Setia,2024-04-04,2024-11-16,2024-12-31,142518041,168278672,45
P0464,Project_464,Infrastructure,SP Setia,2024-01-25,2025-11-11,2025-11-11,58925752,67766652,0
P0465,Project_465,Industrial,SP Setia,2022-05-16,2023-02-12,2023-02-12,35978861,39461545,0
P0466,Project_466,Commercial,Gamuda,2024-02-05,2025-11-02,2026-01-24,8428059,8289233,83
P0467,Project_467,Commercial,Gamuda,2023-11-18,2024-04-13,2024-04-13,48200764,54909665,0
P0468,Project_468,Commercial,SP Setia,2023-12-09,2025-01-04,2025-01-04,101283083,94787596,0
P0469,Project_469,Infrastructure,SP Setia,2023-10-25,2025-08-19,2025-08-19,142149660,167677978,0
P0470,Project_470,Infrastructure,WCT,2023-11-12,2024-03-29,2024-07-14,116821147,169628189,107
P0471,Project_471,Infrastructure,WCT,2022-02-25,2022-06-08,2022-06-08,123934047,151078110,0
P0472,Project_472,Residential,IJM,2023-07-14,2025-06-20,2025-06-20,83967730,104473377,0
P0473,Project_473,Commercial,IJM,2022-06-27,2024-03-04,2024-04-13,15907668,18015647,40
P0474,Project_474,Commercial,Sunway,2023-08-22,2024-08-07,2024-08-07,130179864,124215282,0
P0475,Project_475,Residential,SP Setia,2023-09-04,2024-01-24,2024-01-24,136681265,149331944,0
P0476,Project_476,Industrial,WCT,2022-11-22,2024-08-11,2024-08-11,144749186,155865796,0
P0477,Project_477,Infrastructure,Sunway,2023-07-04,2024-11-18,2024-11-18,64377407,72885980,0
P0478,Project_478,Commercial,SP Setia,2022-10-28,2023-09-06,2024-02-21,7363225,8063174,168
P0479,Project_479,Industrial,Sunway,2023-09-21,2024-08-25,2024-08-25,107373929,132149999,0
P0480,Project_480,Residential,Sunway,2023-07-08,2024-07-21,2024-07-21,143058787,151062198,0
P0481,Project_481,Residential,SP Setia,2023-10-30,2024-08-12,2024-08-12,30758108,37976933,0
P0482,Project_482,Industrial,SP Setia,2022-03-09,2023-01-08,2023-01-08,118872857,115538812,0
P0483,Project_483,Residential,Gamuda,2024-04-16,2024-09-26,2024-09-26,128272335,117146019,0
P0484,Project_484,Industrial,SP Setia,2022-07-02,2023-06-14,2023-06-14,66108158,68929090,0
P0485,Project_485,Residential,SP Setia,2023-02-19,2024-08-05,2024-08-05,109556111,119108530,0
P0486,Project_486,Infrastructure,WCT,2023-08-23,2024-01-06,2024-01-06,139979267,164533333,0
P0487,Project_487,Commercial,WCT,2022-03-30,2023-04-12,2023-08-12,111062407,118433363,122
P0488,Project_488,Infrastructure,Gamuda,2022-08-14,2023-03-31,2023-03-31,43674982,52866047,0
P0489,Project_489,Residential,Sunway,2023-07-21,2025-05-09,2025-05-09,16213392,17977882,0
P0490,Project_490,Infrastructure,IJM,2022-08-04,2023-10-20,2023-12-23,142587317,141639397,64
P0491,Project_491,Residential,Sunway,2022-04-28,2023-01-28,2023-01-28,128819934,119235808,0
P0492,Project_492,Commercial,Gamuda,2022-04-11,2023-01-28,2023-07-05,93812120,119311480,158
P0493,Project_493,Infrastructure,SP Setia,2022-10-19,2023-03-29,2023-03-29,135422381,151093438,0
P0494,Project_494,Infrastructure,IJM,2023-08-22,2024-04-24,2024-04-24,89915035,86230661,0
P0495,Project_495,Infrastructure,UEM,2024-03-15,2025-01-25,2025-07-18,79270676,93680963,174
P0496,Project_496,Residential,Sunway,2023-04-19,2024-10-16,2024-10-16,135720385,130497804,0
P0497,Project_497,Residential,Gamuda,2024-05-29,2025-01-17,2025-01-17,75661513,84689188,0
P0498,Project_498,Residential,WCT,2024-05-19,2026-01-18,2026-01-18,113752454,110847926,0
P0499,Project_499,Infrastructure,IJM,2022-09-24,2024-07-01,2024-11-26,44898363,48955629,148
P0500,Project_500,Commercial,WCT,2023-04-21,2024-12-14,2024-12-14,111511205,100773466,0
P0501,Project_501,Commercial,SP Setia,2023-12-02,2024-08-17,2024-08-17,124781389,137038045,0
P0502,Project_502,Infrastructure,Sunway,2024-01-20,2025-08-27,2025-08-27,63738808,62534939,0
P0503,Project_503,Residential,Gamuda,2022-08-28,2023-01-08,2023-01-08,109177951,115633119,0
P0504,Project_504,Industrial,SP Setia,2023-10-27,2024-12-21,2024-12-21,75683369,83218106,0
P0505,Project_505,Commercial,WCT,2023-01-23,2024-05-01,2024-05-01,143690640,178239033,0
P0506,Project_506,Commercial,UEM,2023-02-20,2024-05-16,2024-08-22,134415441,138985621,98
P0507,Project_507,Residential,SP Setia,2022-06-19,2023-05-10,2023-05-10,61778690,59003286,0
P0508,Project_508,Commercial,SP Setia,2022-08-24,2024-01-20,2024-01-20,134256141,143339563,0
P0509,Project_509,Commercial,SP Setia,2024-05-03,2025-09-25,2025-09-25,16581469,18361020,0
P0510,Project_510,Industrial,WCT,2023-06-09,2023-10-17,2023-10-17,20008765,24467846,0
P0511,Project_511,Industrial,UEM,2023-08-01,2023-11-18,2023-11-18,28017939,31163907,0
P0512,Project_512,Commercial,SP Setia,2022-06-24,2023-05-04,2023-05-04,53824154,58064513,0
P0513,Project_513,Residential,IJM,2023-12-04,2025-02-16,2025-02-16,66690168,63107213,0
P0514,Project_514,Residential,WCT,2023-06-20,2025-02-15,2025-02-15,30849952,37500056,0
P0515,Project_515,Residential,SP Setia,2023-05-31,2023-12-27,2024-01-29,39984881,45702199,33
P0516,Project_516,Industrial,IJM,2023-10-27,2025-04-10,2025-08-31,104422439,144633272,143
P0517,Project_517,Commercial,Gamuda,2024-04-01,2025-11-05,2025-11-05,31230683,30889684,0
P0518,Project_518,Residential,WCT,2022-10-18,2024-09-19,2025-02-15,74203997,91966407,149
P0519,Project_519,Infrastructure,UEM,2023-06-20,2024-01-16,2024-01-16,105671316,120541210,0
P0520,Project_520,Infrastructure,WCT,2023-01-06,2023-07-24,2023-09-11,73084017,81950166,49
P0521,Project_521,Industrial,Sunway,2022-10-10,2024-02-18,2024-04-20,134511452,152122461,62
P0522,Project_522,Commercial,UEM,2022-11-11,2024-09-22,2024-12-29,42062485,54298334,98
P0523,Project_523,Residential,IJM,2024-03-12,2024-11-22,2024-11-22,141457431,144067779,0
P0524,Project_524,Residential,Sunway,2023-02-03,2023-05-09,2023-05-09,131612591,138506735,0
P0525,Project_525,Infrastructure,SP Setia,2022-08-16,2023-11-28,2023-11-28,108166727,112517809,0
P0526,Project_526,Infrastructure,IJM,2023-09-04,2024-01-30,2024-03-24,122835662,149413240,54
P0527,Project_527,Residential,IJM,2022-02-04,2024-01-08,2024-01-08,50495217,51803497,0
P0528,Project_528,Residential,SP Setia,2022-03-30,2023-04-06,2023-04-06,111070423,107750376,0
P0529,Project_529,Commercial,WCT,2023-12-22,2024-05-30,2024-05-30,98441106,116695060,0
P0530,Project_530,Residential,WCT,2022-07-19,2024-01-25,2024-01-25,75090513,80886249,0
P0531,Project_531,Industrial,UEM,2022-10-29,2024-01-10,2024-01-10,149392340,164512765,0
P0532,Project_532,Residential,UEM,2023-07-31,2025-03-07,2025-03-07,128171187,155572051,0
P0533,Project_533,Infrastructure,UEM,2022-04-30,2023-04-19,2023-05-16,64158429,64946042,27
P0534,Project_534,Infrastructure,Gamuda,2022-12-28,2024-09-06,2024-09-06,75692395,70587192,0
P0535,Project_535,Commercial,SP Setia,2023-07-22,2024-04-19,2024-04-19,99902114,109972188,0
P0536,Project_536,Commercial,IJM,2023-12-01,2024-09-10,2024-09-10,68045119,82025660,0
P0537,Project_537,Residential,SP Setia,2022-07-27,2023-07-07,2023-07-07,46874741,44154012,0
P0538,Project_538,Infrastructure,UEM,2023-11-11,2025-06-27,2025-06-27,16344920,16833940,0
P0539,Project_539,Commercial,Gamuda,2023-08-12,2024-08-17,2024-08-17,142206391,139039806,0
P0540,Project_540,Commercial,UEM,2023-06-23,2024-11-27,2024-11-27,139882162,168018066,0
P0541,Project_541,Residential,Sunway,2022-05-04,2024-01-14,2024-01-14,7259853,7069378,0
P0542,Project_542,Infrastructure,Sunway,2023-01-06,2024-12-23,2024-12-23,75558000,80467069,0
P0543,Project_543,Industrial,Sunway,2022-07-08,2024-02-28,2024-02-28,117499404,121060619,0
P0544,Project_544,Commercial,WCT,2023-04-07,2024-01-06,2024-01-06,66355419,76460381,0
P0545,Project_545,Industrial,UEM,2023-03-19,2024-07-11,2024-07-11,45144001,40783532,0
P0546,Project_546,Residential,UEM,2022-05-18,2024-01-27,2024-01-27,135626115,148747732,0
P0547,Project_547,Industrial,SP Setia,2022-04-12,2022-12-25,2022-12-25,73260367,82084708,0
P0548,Project_548,Infrastructure,SP Setia,2022-12-09,2023-11-30,2023-11-30,74179796,77452335,0
P0549,Project_549,Industrial,SP Setia,2023-09-13,2024-07-02,2024-07-02,81399074,92438212,0
P0550,Project_550,Commercial,SP Setia,2023-04-03,2023-09-20,2023-09-20,129487501,123103368,0
P0551,Project_551,Infrastructure,Sunway,2024-04-07,2025-06-16,2025-10-11,24151280,25743091,117
P0552,Project_552,Infrastructure,SP Setia,2023-10-31,2024-11-22,2025-02-08,77812606,101911603,78
P0553,Project_553,Commercial,SP Setia,2023-08-25,2025-05-09,2025-09-11,49914112,48305750,125
P0554,Project_554,Industrial,WCT,2022-09-15,2023-03-05,2023-03-05,111581113,102914311,0
P0555,Project_555,Industrial,Sunway,2022-02-25,2022-06-21,2022-06-21,32898068,31396140,0
P0556,Project_556,Residential,Gamuda,2022-08-23,2023-08-01,2023-10-22,38933385,48195364,82
P0557,Project_557,Infrastructure,WCT,2023-11-11,2025-02-08,2025-05-12,130411293,163307130,93
P0558,Project_558,Industrial,WCT,2023-04-01,2023-11-15,2023-11-15,127552441,143183724,0
P0559,Project_559,Industrial,Sunway,2023-10-18,2025-07-15,2025-07-15,134292388,158686293,0
P0560,Project_560,Commercial,Sunway,2023-01-10,2024-06-05,2024-06-05,86489735,93682280,0
P0561,Project_561,Residential,UEM,2022-10-21,2024-05-13,2024-05-13,137051896,146230737,0
P0562,Project_562,Industrial,UEM,2024-03-28,2025-04-21,2025-04-21,6937563,6701684,0
P0563,Project_563,Commercial,WCT,2022-09-13,2023-05-28,2023-11-19,106564718,108830596,175
P0564,Project_564,Residential,IJM,2024-02-22,2026-02-08,2026-02-08,147792700,154371892,0
P0565,Project_565,Commercial,Sunway,2022-05-20,2023-06-10,2023-07-18,126538779,144942559,38
P0566,Project_566,Commercial,SP Setia,2022-01-20,2022-09-22,2022-09-22,54912242,54843057,0
P0567,Project_567,Industrial,Sunway,2023-03-25,2023-07-01,2023-07-01,45448846,44358793,0
P0568,Project_568,Commercial,Gamuda,2024-03-15,2025-11-05,2026-02-18,13519368,17391323,105
P0569,Project_569,Industrial,Gamuda,2022-09-30,2024-02-03,2024-03-02,53748882,65170959,28
P0570,Project_570,Industrial,SP Setia,2022-05-05,2023-04-14,2023-07-31,71347095,74072565,108
P0571,Project_571,Infrastructure,IJM,2024-02-29,2024-09-02,2024-09-02,131923141,163113051,0
P0572,Project_572,Infrastructure,Gamuda,2023-10-07,2024-02-17,2024-02-17,72998120,73332785,0
P0573,Project_573,Infrastructure,WCT,2024-06-03,2025-04-12,2025-04-12,121544380,116509540,0
P0574,Project_574,Commercial,Sunway,2022-05-03,2023-09-10,2023-09-10,16272509,18579348,0
P0575,Project_575,Residential,Gamuda,2024-02-29,2024-08-28,2024-08-28,139196041,155415957,0
P0576,Project_576,Infrastructure,UEM,2022-12-31,2023-09-04,2023-09-04,38776551,39197619,0
P0577,Project_577,Residential,UEM,2024-01-21,2024-11-03,2024-11-18,101144855,101802841,15
P0578,Project_578,Infrastructure,Sunway,2023-12-25,2025-06-15,2025-06-15,136558069,131822147,0
P0579,Project_579,Infrastructure,WCT,2024-01-20,2025-08-11,2025-08-11,23488917,24834467,0
P0580,Project_580,Infrastructure,WCT,2023-01-11,2024-07-18,2024-07-28,54803981,62119001,10
P0581,Project_581,Commercial,WCT,2022-09-02,2023-10-25,2023-11-20,55967693,61667612,26
P0582,Project_582,Residential,IJM,2022-10-17,2023-12-11,2023-12-11,34652490,39178516,0
P0583,Project_583,Industrial,SP Setia,2022-07-02,2022-11-01,2022-11-01,135290594,123268130,0
P0584,Project_584,Residential,Gamuda,2023-05-17,2025-02-03,2025-02-03,18176322,20213592,0
P0585,Project_585,Industrial,Sunway,2022-08-02,2024-03-17,2024-04-16,21294082,25275269,30
P0586,Project_586,Infrastructure,Gamuda,2024-03-24,2024-08-20,2024-08-20,147007948,135928818,0
P0587,Project_587,Commercial,WCT,2022-08-10,2024-04-22,2024-04-22,67013422,64755816,0
P0588,Project_588,Industrial,SP Setia,2023-10-03,2024-07-02,2024-12-01,33323746,44103228,152
P0589,Project_589,Commercial,WCT,2023-11-13,2025-04-23,2025-04-23,53424826,57519436,0
P0590,Project_590,Industrial,SP Setia,2023-09-07,2025-03-03,2025-03-03,92148673,96232716,0
P0591,Project_591,Infrastructure,Sunway,2022-11-28,2024-11-10,2024-11-10,105680227,129368600,0
P0592,Project_592,Commercial,Sunway,2023-04-09,2024-10-08,2024-10-08,14304751,15857059,0
P0593,Project_593,Infrastructure,WCT,2022-01-07,2023-02-08,2023-02-08,89531580,106334774,0
P0594,Project_594,Commercial,Sunway,2023-06-08,2025-03-28,2025-03-28,30310008,31051982,0
P0595,Project_595,Industrial,WCT,2023-01-11,2024-11-27,2024-11-27,73784930,68779861,0
P0596,Project_596,Residential,WCT,2022-08-11,2023-01-27,2023-04-30,51413158,67925274,93
P0597,Project_597,Infrastructure,Sunway,2023-10-20,2024-11-20,2024-12-09,26066114,32682866,19
P0598,Project_598,Residential,SP Setia,2024-06-19,2025-12-05,2025-12-05,65859061,78854196,0
P0599,Project_599,Commercial,Sunway,2024-03-07,2025-07-01,2025-07-01,145763085,158732414,0
P0600,Project_600,Residential,IJM,2023-05-30,2024-04-10,2024-04-10,110463646,128523797,0
P0601,Project_601,Residential,WCT,2023-03-19,2024-04-08,2024-04-08,40484227,43178417,0
P0602,Project_602,Commercial,UEM,2023-02-13,2024-02-06,2024-03-08,139707116,164167826,31
P0603,Project_603,Commercial,IJM,2023-07-27,2024-05-14,2024-09-25,57640005,82049750,134
P0604,Project_604,Infrastructure,Sunway,2022-03-15,2023-03-12,2023-03-12,29050381,30350493,0
P0605,Project_605,Industrial,WCT,2022-07-15,2023-09-06,2023-09-06,86824187,88769113,0
P0606,Project_606,Residential,Gamuda,2022-05-30,2023-11-22,2023-11-22,58602591,55941853,0
P0607,Project_607,Residential,Sunway,2024-01-28,2024-06-21,2024-06-21,82224878,93968919,0
P0608,Project_608,Infrastructure,WCT,2023-04-06,2024-10-29,2024-10-29,61105571,59526380,0
P0609,Project_609,Infrastructure,IJM,2023-05-10,2023-12-30,2024-01-13,146411555,141154326,14
P0610,Project_610,Infrastructure,Gamuda,2024-03-19,2025-03-21,2025-04-13,7237189,8254966,23
P0611,Project_611,Residential,Sunway,2022-01-20,2023-02-13,2023-08-08,67053852,92843822,176
P0612,Project_612,Residential,Gamuda,2023-05-12,2025-04-12,2025-04-12,55041036,68161551,0
P0613,Project_613,Infrastructure,SP Setia,2022-09-11,2024-06-04,2024-06-04,136515346,130365580,0
P0614,Project_614,Infrastructure,Gamuda,2022-12-27,2024-03-24,2024-03-24,68405732,84994514,0
P0615,Project_615,Industrial,SP Setia,2023-10-03,2024-09-20,2024-09-20,80213962,81788173,0
P0616,Project_616,Infrastructure,WCT,2022-05-21,2022-11-16,2022-11-16,117027064,111580882,0
P0617,Project_617,Commercial,IJM,2022-12-04,2024-06-05,2024-06-05,60500982,66754408,0
P0618,Project_618,Commercial,Sunway,2022-11-13,2024-07-31,2024-09-13,43964049,50749720,44
P0619,Project_619,Residential,Sunway,2022-03-11,2023-12-31,2023-12-31,54428420,65742637,0
P0620,Project_620,Commercial,IJM,2023-02-28,2024-07-23,2024-10-18,78496598,78990091,87
P0621,Project_621,Residential,Sunway,2022-01-27,2024-01-13,2024-01-13,66984792,65699978,0
P0622,Project_622,Industrial,IJM,2022-03-23,2023-10-22,2023-12-05,105383962,111662639,44
P0623,Project_623,Infrastructure,UEM,2022-06-17,2023-03-31,2023-03-31,114679816,103814475,0
P0624,Project_624,Industrial,SP Setia,2022-08-16,2023-06-09,2023-06-09,52534066,65403319,0
P0625,Project_625,Industrial,SP Setia,2022-11-29,2024-06-09,2024-08-21,113680595,138850191,73
P0626,Project_626,Residential,IJM,2022-11-17,2024-03-24,2024-03-24,144760677,153434034,0
P0627,Project_627,Residential,IJM,2023-06-16,2025-03-17,2025-03-17,108991319,122149513,0
P0628,Project_628,Residential,SP Setia,2022-10-26,2024-04-18,2024-04-18,81749613,85662293,0
P0629,Project_629,Commercial,UEM,2023-06-14,2024-02-04,2024-06-11,29277519,31959907,128
P0630,Project_630,Commercial,UEM,2023-02-28,2024-04-24,2024-04-24,53017352,64353316,0
P0631,Project_631,Infrastructure,Gamuda,2022-04-03,2023-03-15,2023-03-15,38163648,43780548,0
P0632,Project_632,Commercial,Sunway,2023-06-21,2024-10-16,2024-10-16,106650770,97624609,0
P0633,Project_633,Infrastructure,Sunway,2023-08-03,2024-04-02,2024-04-02,53014181,48664827,0
P0634,Project_634,Residential,WCT,2024-01-18,2025-07-17,2025-07-17,36555654,45188339,0
P0635,Project_635,Residential,WCT,2024-02-23,2025-02-06,2025-02-19,138580893,153924040,13
P0636,Project_636,Residential,IJM,2023-05-21,2024-04-18,2024-06-22,126799497,124034925,65
P0637,Project_637,Infrastructure,Gamuda,2023-07-15,2024-07-23,2024-07-23,18131541,16667824,0
P0638,Project_638,Industrial,IJM,2022-05-29,2022-09-29,2022-09-29,93881954,86104864,0
P0639,Project_639,Residential,Gamuda,2022-06-15,2023-07-01,2023-07-01,127228816,130545165,0
P0640,Project_640,Residential,Sunway,2024-02-26,2025-03-28,2025-03-28,106720757,124378207,0
P0641,Project_641,Commercial,WCT,2023-04-28,2023-12-11,2023-12-11,93371241,101179520,0
P0642,Project_642,Infrastructure,UEM,2022-03-01,2022-09-18,2022-09-18,134832293,149889326,0
P0643,Project_643,Industrial,UEM,2023-09-16,2024-11-03,2024-11-03,39819605,42755859,0
P0644,Project_644,Residential,UEM,2024-04-07,2025-01-06,2025-01-06,82977294,74725477,0
P0645,Project_645,Commercial,Gamuda,2023-10-03,2024-04-30,2024-07-02,116143322,121258032,63
P0646,Project_646,Infrastructure,Gamuda,2023-10-18,2024-08-09,2024-08-09,23209604,25004666,0
P0647,Project_647,Infrastructure,SP Setia,2022-04-27,2023-07-02,2023-10-07,12816137,14105935,97
P0648,Project_648,Infrastructure,UEM,2023-05-06,2024-12-01,2024-12-01,134250471,142468785,0
P0649,Project_649,Infrastructure,Sunway,2024-03-13,2025-08-08,2025-08-08,89692148,81310546,0
P0650,Project_650,Commercial,WCT,2022-03-09,2022-11-06,2022-11-06,96040532,107496131,0
P0651,Project_651,Residential,Sunway,2023-09-13,2025-01-13,2025-01-13,87753663,88637762,0
P0652,Project_652,Commercial,WCT,2023-02-28,2023-08-25,2023-08-25,104746206,129126342,0
P0653,Project_653,Industrial,WCT,2022-11-06,2023-08-02,2023-08-02,15038152,18341640,0
P0654,Project_654,Infrastructure,Sunway,2022-01-26,2023-09-02,2023-09-02,56059559,59939731,0
P0655,Project_655,Residential,Gamuda,2022-05-27,2022-12-03,2022-12-03,60079494,63731062,0
P0656,Project_656,Infrastructure,Gamuda,2022-11-15,2023-03-30,2023-03-30,94466787,86545644,0
P0657,Project_657,Infrastructure,UEM,2023-08-15,2024-09-27,2024-09-27,91135668,91162879,0
P0658,Project_658,Residential,IJM,2023-11-19,2024-06-16,2024-06-16,47277515,42802218,0
P0659,Project_659,Infrastructure,WCT,2023-07-10,2024-09-30,2024-09-30,77759995,89153684,0
P0660,Project_660,Residential,UEM,2022-09-08,2023-05-31,2023-05-31,95929529,88039724,0
P0661,Project_661,Industrial,WCT,2023-11-23,2024-04-12,2024-05-19,19441794,20456886,37
P0662,Project_662,Industrial,WCT,2022-12-31,2024-02-13,2024-02-13,148206271,181252474,0
P0663,Project_663,Industrial,UEM,2022-05-15,2022-11-16,2022-11-16,127294944,143276380,0
P0664,Project_664,Infrastructure,Sunway,2022-08-26,2023-07-11,2023-07-11,102562690,117420446,0
P0665,Project_665,Commercial,Sunway,2023-04-10,2024-11-19,2024-11-19,132596596,141550609,0
P0666,Project_666,Residential,Sunway,2024-02-26,2025-05-17,2025-05-17,141351700,167663401,0
P0667,Project_667,Commercial,WCT,2023-07-24,2024-01-02,2024-03-29,112593353,121168631,87
P0668,Project_668,Industrial,UEM,2022-06-12,2024-01-16,2024-01-16,96459760,110245880,0
P0669,Project_669,Industrial,Gamuda,2023-08-04,2024-10-17,2024-10-17,51462273,47719063,0
P0670,Project_670,Industrial,Gamuda,2023-08-30,2025-07-30,2025-07-30,31213770,30017062,0
P0671,Project_671,Residential,IJM,2023-09-05,2024-03-24,2024-09-02,92887980,121249190,162
P0672,Project_672,Infrastructure,UEM,2024-04-16,2024-12-04,2024-12-04,44386287,46984706,0
P0673,Project_673,Infrastructure,UEM,2023-09-23,2025-08-04,2025-08-04,60206887,60857675,0
P0674,Project_674,Infrastructure,Gamuda,2024-01-06,2025-03-23,2025-03-23,142015866,134154505,0
P0675,Project_675,Residential,IJM,2023-01-14,2024-10-27,2024-10-27,101433996,101309560,0
P0676,Project_676,Commercial,SP Setia,2023-03-19,2025-02-10,2025-02-10,107754304,113391633,0
P0677,Project_677,Industrial,IJM,2022-06-27,2024-01-24,2024-01-24,108238948,111064066,0
P0678,Project_678,Industrial,SP Setia,2022-10-23,2023-05-29,2023-05-29,24259168,23055878,0
P0679,Project_679,Industrial,WCT,2023-03-24,2023-11-08,2023-11-08,116630350,141443907,0
P0680,Project_680,Industrial,WCT,2022-07-04,2024-01-10,2024-05-29,125808240,136979075,140
P0681,Project_681,Infrastructure,Gamuda,2022-01-08,2023-11-20,2023-11-20,139681800,171012086,0
P0682,Project_682,Residential,IJM,2022-02-08,2023-12-11,2023-12-11,35377328,43747894,0
P0683,Project_683,Residential,IJM,2024-01-18,2025-10-08,2025-12-28,143767588,179547267,81
P0684,Project_684,Residential,UEM,2023-04-29,2023-10-15,2023-10-15,19166485,20838983,0
P0685,Project_685,Infrastructure,Sunway,2023-04-10,2024-12-14,2024-12-14,118015651,146600951,0
P0686,Project_686,Commercial,WCT,2022-06-21,2022-10-25,2022-10-25,74912173,79826874,0
P0687,Project_687,Residential,Sunway,2022-02-22,2023-03-17,2023-03-17,81991491,77431736,0
P0688,Project_688,Residential,WCT,2022-09-16,2023-04-29,2023-04-29,78878030,71382333,0
P0689,Project_689,Commercial,UEM,2022-06-28,2024-05-23,2024-07-10,104258526,110215859,48
P0690,Project_690,Commercial,UEM,2022-07-05,2024-03-26,2024-03-26,27656344,30655409,0
P0691,Project_691,Infrastructure,Gamuda,2024-02-10,2025-07-06,2025-07-06,123161262,118056121,0
P0692,Project_692,Industrial,SP Setia,2023-10-20,2024-10-14,2024-10-14,49989889,53323273,0
P0693,Project_693,Industrial,Gamuda,2024-02-10,2025-11-06,2026-01-14,109708748,110962505,69
P0694,Project_694,Infrastructure,UEM,2022-10-23,2024-04-24,2024-04-24,147338818,134720156,0
P0695,Project_695,Industrial,UEM,2023-09-18,2024-09-21,2024-09-21,76695838,75880589,0
P0696,Project_696,Commercial,Sunway,2024-03-02,2025-02-02,2025-02-02,144573638,165044891,0
P0697,Project_697,Industrial,Sunway,2023-07-15,2023-10-23,2023-10-23,8210867,8899286,0
P0698,Project_698,Commercial,WCT,2022-08-13,2023-08-28,2023-08-28,14138017,13179168,0
P0699,Project_699,Commercial,Gamuda,2023-10-16,2024-05-17,2024-05-17,39871713,46544252,0
P0700,Project_700,Industrial,Sunway,2023-12-14,2024-09-17,2024-09-17,130347433,120766891,0
P0701,Project_701,Residential,UEM,2024-02-27,2025-08-07,2025-08-07,74078266,68588990,0
P0702,Project_702,Commercial,WCT,2023-02-02,2024-04-07,2024-04-07,76045430,70287990,0
P0703,Project_703,Commercial,WCT,2023-02-07,2023-11-06,2024-04-29,34106583,43159092,175
P0704,Project_704,Infrastructure,UEM,2023-10-21,2024-05-06,2024-05-06,32725924,30259839,0
P0705,Project_705,Infrastructure,UEM,2022-01-20,2023-09-11,2023-09-11,15156424,15054160,0
P0706,Project_706,Residential,WCT,2023-08-12,2023-11-13,2024-04-02,133349575,178992487,141
P0707,Project_707,Infrastructure,Sunway,2022-08-20,2022-11-21,2023-03-09,37535357,51294754,108
P0708,Project_708,Infrastructure,Gamuda,2023-11-30,2025-01-03,2025-01-03,29338230,35166848,0
P0709,Project_709,Commercial,Sunway,2024-05-11,2025-11-22,2025-11-22,52410615,64917335,0
P0710,Project_710,Commercial,IJM,2023-12-14,2025-04-16,2025-04-16,135594801,152066443,0
P0711,Project_711,Infrastructure,UEM,2022-02-06,2022-11-20,2022-11-20,136327363,160519840,0
P0712,Project_712,Residential,UEM,2023-07-01,2025-01-01,2025-01-01,96076152,112958892,0
P0713,Project_713,Residential,Gamuda,2022-05-02,2023-03-04,2023-08-28,149032103,178253674,177
P0714,Project_714,Commercial,SP Setia,2024-01-24,2024-09-14,2024-09-14,131492056,146801706,0
P0715,Project_715,Residential,UEM,2023-10-27,2024-06-06,2024-06-06,18410496,21858022,0
P0716,Project_716,Commercial,Gamuda,2023-09-18,2024-06-08,2024-06-08,33543064,37173835,0
P0717,Project_717,Commercial,Sunway,2024-04-03,2025-01-25,2025-01-25,112913364,140187433,0
P0718,Project_718,Industrial,IJM,2024-05-06,2025-03-10,2025-03-10,95061097,94667798,0
P0719,Project_719,Commercial,Gamuda,2023-12-15,2025-03-27,2025-03-27,122752222,135481017,0
P0720,Project_720,Residential,IJM,2024-03-21,2026-03-08,2026-03-08,9195732,8535965,0
P0721,Project_721,Infrastructure,WCT,2022-04-02,2024-02-28,2024-05-20,132778624,142020359,82
P0722,Project_722,Residential,SP Setia,2023-04-07,2024-08-30,2024-08-30,15098867,17379091,0
P0723,Project_723,Residential,WCT,2024-04-26,2025-05-29,2025-09-05,6226761,6641152,99
P0724,Project_724,Infrastructure,Gamuda,2023-01-06,2024-10-09,2024-10-09,129612035,146560688,0
P0725,Project_725,Residential,Gamuda,2022-07-18,2023-02-08,2023-03-28,138550623,161082263,48
P0726,Project_726,Industrial,Gamuda,2023-10-23,2025-01-27,2025-01-27,121681281,135782531,0
P0727,Project_727,Residential,Gamuda,2022-04-17,2022-09-07,2022-09-07,47425045,50733960,0
P0728,Project_728,Infrastructure,IJM,2022-08-29,2024-02-25,2024-02-25,117492246,133576745,0
P0729,Project_729,Commercial,UEM,2024-03-08,2024-09-26,2024-09-26,31323891,32714935,0
P0730,Project_730,Industrial,IJM,2022-08-14,2023-01-26,2023-06-05,19586609,22237811,130
P0731,Project_731,Commercial,Sunway,2023-02-01,2024-05-18,2024-07-01,57118064,74464936,44
P0732,Project_732,Industrial,UEM,2022-05-11,2022-09-10,2022-09-10,80324105,96234541,0
P0733,Project_733,Commercial,WCT,2022-06-25,2023-09-09,2023-09-09,47087490,52893364,0
P0734,Project_734,Industrial,UEM,2023-07-21,2024-06-10,2024-07-12,145061240,186578026,32
P0735,Project_735,Commercial,WCT,2022-10-13,2023-01-25,2023-01-25,71526746,78880658,0
P0736,Project_736,Industrial,WCT,2022-01-06,2023-06-07,2023-06-07,131339853,141384162,0
P0737,Project_737,Residential,SP Setia,2023-02-08,2024-09-10,2024-10-15,137952066,154314178,35
P0738,Project_738,Residential,Gamuda,2024-01-20,2025-06-09,2025-06-09,101208792,114029321,0
P0739,Project_739,Commercial,SP Setia,2023-05-07,2024-06-12,2024-08-02,11553441,13282138,51
P0740,Project_740,Infrastructure,WCT,2023-02-20,2023-11-26,2024-03-09,5366050,5711859,104
P0741,Project_741,Infrastructure,SP Setia,2022-02-03,2023-03-03,2023-03-03,60605445,56262196,0
P0742,Project_742,Residential,Sunway,2022-02-26,2023-11-05,2023-11-05,34787355,36974557,0
P0743,Project_743,Residential,SP Setia,2023-01-11,2023-10-07,2023-10-07,59952118,60984816,0
P0744,Project_744,Industrial,Sunway,2023-05-05,2025-03-19,2025-03-19,91023850,90439044,0
P0745,Project_745,Residential,UEM,2022-02-25,2022-07-29,2022-07-29,126443059,137107128,0
P0746,Project_746,Residential,IJM,2023-12-28,2025-09-22,2025-09-22,126327023,149061636,0
P0747,Project_747,Residential,IJM,2023-04-14,2023-10-10,2023-11-09,52999433,66758212,30
P0748,Project_748,Residential,Sunway,2022-10-10,2023-05-02,2023-06-18,45399017,52533227,47
P0749,Project_749,Residential,Sunway,2023-03-03,2024-12-06,2025-01-18,98066638,117729502,43
P0750,Project_750,Infrastructure,SP Setia,2022-07-13,2022-12-14,2022-12-14,144484561,150855189,0
P0751,Project_751,Infrastructure,IJM,2023-10-24,2024-12-21,2025-05-04,127945342,132261522,134
P0752,Project_752,Residential,IJM,2024-03-19,2025-03-10,2025-05-17,104831766,135960637,68
P0753,Project_753,Commercial,SP Setia,2022-12-28,2024-01-13,2024-01-13,48161705,48153821,0
P0754,Project_754,Commercial,UEM,2023-12-11,2024-08-14,2024-08-14,36384758,36778406,0
P0755,Project_755,Commercial,Sunway,2022-09-24,2024-01-05,2024-01-05,14311780,17779637,0
P0756,Project_756,Industrial,IJM,2023-04-05,2025-01-06,2025-01-06,37612229,39176777,0
P0757,Project_757,Industrial,Sunway,2023-04-15,2024-06-05,2024-06-05,141206574,161950945,0
P0758,Project_758,Industrial,Gamuda,2024-02-12,2025-12-20,2025-12-20,123676800,116170912,0
P0759,Project_759,Industrial,Sunway,2022-05-23,2024-03-07,2024-03-07,11656016,13920860,0
P0760,Project_760,Infrastructure,IJM,2022-04-05,2023-06-03,2023-06-03,146313508,179597311,0
P0761,Project_761,Industrial,Sunway,2022-01-24,2022-07-18,2022-12-12,28455067,36531637,147
P0762,Project_762,Industrial,Sunway,2023-09-10,2025-08-19,2025-08-19,101922613,117270866,0
P0763,Project_763,Residential,IJM,2023-01-31,2024-05-16,2024-05-16,97588815,121218313,0
P0764,Project_764,Industrial,SP Setia,2024-01-16,2025-07-13,2025-11-06,82479604,100753510,116
P0765,Project_765,Infrastructure,Gamuda,2023-03-01,2023-10-19,2023-10-19,43557876,46437687,0
P0766,Project_766,Commercial,WCT,2023-08-28,2024-12-14,2024-12-14,114913753,114415613,0
P0767,Project_767,Industrial,Gamuda,2023-04-19,2025-02-18,2025-02-18,54930717,55002792,0
P0768,Project_768,Residential,Gamuda,2024-04-22,2025-05-26,2025-05-26,137634088,146196048,0
P0769,Project_769,Industrial,IJM,2022-06-07,2023-05-31,2023-08-25,38333489,51152017,86
P0770,Project_770,Infrastructure,WCT,2023-05-19,2024-04-23,2024-04-23,79414880,98452124,0
P0771,Project_771,Infrastructure,WCT,2023-05-08,2025-03-07,2025-03-07,132786205,157537324,0
P0772,Project_772,Industrial,SP Setia,2024-01-21,2025-11-30,2025-11-30,48713971,46334195,0
P0773,Project_773,Infrastructure,Gamuda,2022-05-19,2023-08-17,2023-08-17,78194390,87787785,0
P0774,Project_774,Residential,WCT,2022-10-24,2023-11-16,2023-11-16,142939987,160065695,0
P0775,Project_775,Infrastructure,Sunway,2024-02-10,2024-10-28,2024-10-28,89882091,102442079,0
P0776,Project_776,Infrastructure,UEM,2023-12-03,2025-03-08,2025-03-08,43578876,47124442,0
P0777,Project_777,Commercial,WCT,2023-02-26,2024-05-09,2024-05-09,63485701,62050271,0
P0778,Project_778,Commercial,Gamuda,2023-09-21,2025-06-10,2025-06-10,117030533,108456889,0
P0779,Project_779,Infrastructure,IJM,2023-05-07,2024-07-26,2024-07-26,42316280,51262120,0
P0780,Project_780,Commercial,Sunway,2023-12-28,2025-02-01,2025-02-01,64688730,73938279,0
P0781,Project_781,Residential,Gamuda,2022-05-09,2023-03-09,2023-03-09,119032743,139793291,0
P0782,Project_782,Residential,UEM,2024-03-04,2025-10-10,2025-10-10,57707568,67954661,0
P0783,Project_783,Residential,WCT,2022-05-02,2023-04-16,2023-04-16,85972429,100079867,0
P0784,Project_784,Infrastructure,WCT,2022-07-30,2024-06-20,2024-06-20,99364100,94489788,0
P0785,Project_785,Residential,WCT,2022-12-23,2024-03-17,2024-03-17,140535539,131356739,0
P0786,Project_786,Commercial,WCT,2022-08-11,2023-05-24,2023-05-24,149183795,172139044,0
P0787,Project_787,Infrastructure,UEM,2024-05-21,2025-12-18,2025-12-18,123021897,115340849,0
P0788,Project_788,Residential,UEM,2023-03-11,2024-01-14,2024-01-14,114408378,142394321,0
P0789,Project_789,Residential,Gamuda,2022-04-23,2024-01-05,2024-02-18,101972430,117748409,44
P0790,Project_790,Industrial,IJM,2022-12-02,2024-07-19,2024-08-27,81131367,97219035,39
P0791,Project_791,Industrial,SP Setia,2023-07-22,2024-12-10,2025-03-04,55676582,75758375,84
P0792,Project_792,Residential,Gamuda,2023-01-12,2023-10-12,2023-10-25,33231863,36370043,13
P0793,Project_793,Infrastructure,IJM,2022-05-27,2023-10-03,2023-10-03,50291293,62427719,0
P0794,Project_794,Infrastructure,SP Setia,2023-09-02,2025-01-17,2025-01-17,119005666,118705940,0
P0795,Project_795,Industrial,Gamuda,2023-02-14,2024-05-13,2024-09-21,135065798,144934288,131
P0796,Project_796,Residential,SP Setia,2022-05-06,2023-04-17,2023-08-30,66960753,73134733,135
P0797,Project_797,Commercial,Sunway,2022-02-24,2022-08-02,2022-08-02,53075633,60385290,0
P0798,Project_798,Industrial,WCT,2023-09-29,2024-04-04,2024-05-03,130096783,149585694,29
P0799,Project_799,Residential,UEM,2022-09-25,2024-07-01,2024-07-01,13482163,16287045,0
P0800,Project_800,Infrastructure,SP Setia,2023-04-06,2024-05-22,2024-09-05,128388033,127728706,106
P0801,Project_801,Residential,WCT,2022-06-18,2024-02-01,2024-02-01,88875255,95150667,0
P0802,Project_802,Residential,UEM,2023-11-23,2025-07-07,2026-01-01,132751401,150295269,178
P0803,Project_803,Residential,Gamuda,2022-09-27,2024-05-15,2024-10-23,99694303,120890411,161
P0804,Project_804,Infrastructure,UEM,2023-08-28,2024-01-11,2024-01-11,98650898,108948911,0
P0805,Project_805,Commercial,IJM,2022-04-10,2023-09-20,2023-09-20,115576510,130767193,0
P0806,Project_806,Commercial,Gamuda,2023-10-26,2024-12-08,2024-12-08,22582585,21229096,0
P0807,Project_807,Infrastructure,Gamuda,2023-07-06,2024-09-01,2024-09-20,118406742,146799679,19
P0808,Project_808,Residential,UEM,2023-12-14,2025-07-06,2025-07-06,89963668,93256812,0
P0809,Project_809,Commercial,WCT,2022-04-13,2023-02-07,2023-05-14,139960897,179761282,96
P0810,Project_810,Residential,WCT,2022-11-03,2024-02-08,2024-02-08,138399459,171745084,0
P0811,Project_811,Commercial,WCT,2022-08-08,2023-08-27,2023-08-27,84811300,88263931,0
P0812,Project_812,Industrial,UEM,2024-01-31,2024-08-02,2024-08-02,95419279,104794213,0
P0813,Project_813,Infrastructure,IJM,2022-08-03,2023-10-22,2023-10-22,140463142,147699616,0
P0814,Project_814,Commercial,WCT,2023-03-01,2024-07-14,2024-09-26,53479670,66445080,74
P0815,Project_815,Industrial,WCT,2023-05-27,2024-03-30,2024-09-25,76923508,106877247,179
P0816,Project_816,Infrastructure,UEM,2024-01-15,2024-06-14,2024-06-14,102784236,101153140,0
P0817,Project_817,Commercial,Sunway,2023-02-25,2024-04-16,2024-04-16,115713085,115766962,0
P0818,Project_818,Commercial,Sunway,2023-12-05,2025-11-09,2026-01-18,69017407,68758645,70
P0819,Project_819,Commercial,Sunway,2023-04-21,2024-11-28,2025-04-30,118284896,127156885,153
P0820,Project_820,Industrial,Gamuda,2022-05-20,2022-09-16,2022-09-16,52240673,47788792,0
P0821,Project_821,Infrastructure,SP Setia,2022-02-26,2022-08-20,2022-08-20,22067581,23004402,0
P0822,Project_822,Residential,WCT,2023-11-05,2024-05-05,2024-05-05,68361815,79099278,0
P0823,Project_823,Residential,Sunway,2023-11-12,2025-09-26,2025-09-26,138265077,135959769,0
P0824,Project_824,Commercial,Sunway,2022-12-04,2024-10-22,2024-10-22,118513033,111092328,0
P0825,Project_825,Residential,Sunway,2023-03-27,2024-08-16,2024-08-16,136629629,156422644,0
P0826,Project_826,Infrastructure,UEM,2023-07-13,2024-12-17,2024-12-17,79553589,97687058,0
P0827,Project_827,Residential,SP Setia,2024-01-03,2025-04-13,2025-04-13,14344084,16234321,0
P0828,Project_828,Residential,WCT,2024-03-18,2025-02-16,2025-05-01,88018630,109372811,74
P0829,Project_829,Infrastructure,Sunway,2024-06-06,2025-05-04,2025-09-04,7111540,8758240,123
P0830,Project_830,Industrial,Gamuda,2022-04-03,2023-02-28,2023-02-28,48010669,53818685,0
P0831,Project_831,Industrial,Gamuda,2022-10-08,2023-03-29,2023-08-11,115853459,142291812,135
P0832,Project_832,Infrastructure,UEM,2024-04-24,2025-01-03,2025-01-03,99450718,114888558,0
P0833,Project_833,Industrial,IJM,2023-12-13,2024-04-09,2024-04-09,124025615,117530676,0
P0834,Project_834,Commercial,WCT,2023-10-06,2024-11-11,2024-11-11,34750219,37555536,0
P0835,Project_835,Commercial,SP Setia,2023-12-04,2025-04-27,2025-07-27,133410254,143205260,91
P0836,Project_836,Industrial,WCT,2023-08-31,2024-10-29,2024-10-29,27655670,26650697,0
P0837,Project_837,Commercial,Gamuda,2022-08-18,2022-12-07,2022-12-07,28884465,28000403,0
P0838,Project_838,Residential,Gamuda,2023-02-15,2024-07-28,2024-07-28,45064315,46360907,0
P0839,Project_839,Commercial,Sunway,2024-01-06,2025-09-25,2026-01-24,137647120,166614632,121
P0840,Project_840,Infrastructure,SP Setia,2022-10-22,2024-06-09,2024-06-09,120778517,134067653,0
P0841,Project_841,Infrastructure,IJM,2023-11-25,2024-09-03,2024-09-03,114662352,104350834,0
P0842,Project_842,Infrastructure,SP Setia,2023-09-25,2025-03-29,2025-03-29,127987492,136192586,0
P0843,Project_843,Residential,Sunway,2023-02-12,2023-12-16,2024-04-02,73780034,84048959,108
P0844,Project_844,Infrastructure,UEM,2022-08-29,2024-03-23,2024-03-23,6439078,7191679,0
P0845,Project_845,Infrastructure,UEM,2023-11-19,2025-03-02,2025-03-02,53149864,57205802,0
P0846,Project_846,Commercial,UEM,2022-05-16,2022-11-13,2023-02-12,43063002,45973671,91
P0847,Project_847,Infrastructure,WCT,2024-06-11,2025-06-23,2025-10-03,80947237,92684686,102
P0848,Project_848,Industrial,Gamuda,2022-11-17,2024-05-06,2024-05-06,136875569,130434568,0
P0849,Project_849,Industrial,UEM,2022-07-13,2023-03-12,2023-03-12,54161624,53678414,0
P0850,Project_850,Industrial,UEM,2022-04-29,2023-12-16,2024-01-05,100702638,113995985,20
P0851,Project_851,Commercial,SP Setia,2022-04-26,2022-12-23,2022-12-23,30119621,30102776,0
P0852,Project_852,Industrial,Gamuda,2023-06-05,2024-06-08,2024-06-08,6107490,6716869,0
P0853,Project_853,Residential,UEM,2022-09-10,2024-05-02,2024-05-02,11969166,14883263,0
P0854,Project_854,Industrial,UEM,2023-01-18,2024-12-12,2024-12-12,46278789,49105572,0
P0855,Project_855,Industrial,Sunway,2023-10-06,2024-10-05,2024-10-05,93429865,105544024,0
P0856,Project_856,Residential,SP Setia,2024-01-20,2025-11-22,2025-11-22,18068041,18050585,0
P0857,Project_857,Industrial,Gamuda,2022-03-14,2023-12-24,2024-06-05,29843972,32582761,164
P0858,Project_858,Commercial,Gamuda,2022-01-22,2022-11-21,2023-01-11,113017416,135938508,51
P0859,Project_859,Infrastructure,WCT,2022-11-02,2024-06-16,2024-06-16,40241996,37571497,0
P0860,Project_860,Residential,UEM,2022-07-24,2024-03-06,2024-07-08,132893304,159267253,124
P0861,Project_861,Infrastructure,UEM,2024-04-10,2025-07-21,2025-07-21,121529420,113330025,0
P0862,Project_862,Residential,Sunway,2023-11-24,2024-10-08,2024-10-08,137962054,155418239,0
P0863,Project_863,Infrastructure,IJM,2023-04-25,2024-10-13,2024-11-12,85636201,82061818,30
P0864,Project_864,Industrial,UEM,2023-06-20,2024-11-28,2024-11-28,25544041,27579775,0
P0865,Project_865,Residential,Gamuda,2022-04-07,2023-10-24,2023-10-24,100417433,93249571,0
P0866,Project_866,Infrastructure,Sunway,2024-01-29,2025-08-14,2025-08-14,110483683,115531466,0
P0867,Project_867,Commercial,IJM,2023-08-25,2025-03-02,2025-03-02,96626249,116431797,0
P0868,Project_868,Industrial,Gamuda,2022-07-09,2022-12-26,2022-12-26,33542919,30398952,0
P0869,Project_869,Industrial,Sunway,2022-01-14,2022-10-06,2023-04-01,128524069,188214875,177
P0870,Project_870,Residential,Gamuda,2023-09-26,2024-12-28,2024-12-28,28524377,25810469,0
P0871,Project_871,Industrial,SP Setia,2023-12-14,2024-09-21,2024-09-21,134148913,151240683,0
P0872,Project_872,Industrial,Gamuda,2024-05-28,2026-02-28,2026-02-28,85777025,81647545,0
P0873,Project_873,Commercial,IJM,2022-04-30,2023-01-15,2023-03-05,135203769,169688530,49
P0874,Project_874,Industrial,UEM,2022-10-29,2024-09-01,2024-09-01,94617193,106032138,0
P0875,Project_875,Industrial,IJM,2024-05-18,2026-01-05,2026-01-05,14936733,15984325,0
P0876,Project_876,Infrastructure,SP Setia,2024-01-02,2024-06-02,2024-06-02,118280982,129356752,0
P0877,Project_877,Commercial,Sunway,2023-03-04,2024-09-28,2024-11-06,98083783,106827141,39
P0878,Project_878,Infrastructure,WCT,2024-01-14,2024-10-26,2024-10-26,122604442,119771766,0
P0879,Project_879,Infrastructure,UEM,2024-05-23,2025-12-13,2025-12-13,109789478,130822755,0
P0880,Project_880,Industrial,IJM,2024-03-29,2024-12-09,2024-12-09,80821531,75177534,0
P0881,Project_881,Industrial,Sunway,2022-06-27,2023-04-17,2023-06-06,32086137,42153847,50
P0882,Project_882,Commercial,IJM,2022-08-29,2023-06-29,2023-06-29,9866894,9780882,0
P0883,Project_883,Residential,WCT,2024-04-27,2025-12-23,2025-12-23,95659983,106770605,0
P0884,Project_884,Infrastructure,IJM,2022-08-18,2024-03-28,2024-03-28,100359272,117373501,0
P0885,Project_885,Industrial,Gamuda,2024-05-23,2026-01-30,2026-01-30,18535063,19521857,0
P0886,Project_886,Residential,IJM,2022-04-19,2024-04-03,2024-04-03,16266085,15590492,0
P0887,Project_887,Commercial,SP Setia,2023-01-06,2023-09-13,2023-12-06,140800589,183249615,84
P0888,Project_888,Residential,IJM,2023-01-08,2024-03-15,2024-03-15,59194523,61888610,0
P0889,Project_889,Industrial,Sunway,2024-05-04,2025-11-30,2025-11-30,140566007,139596870,0
P0890,Project_890,Industrial,UEM,2023-10-07,2024-09-12,2024-10-30,66252141,71116734,48
P0891,Project_891,Residential,Gamuda,2024-05-22,2026-01-30,2026-01-30,123803813,111854522,0
P0892,Project_892,Commercial,WCT,2022-12-13,2024-01-29,2024-01-29,121520390,141658425,0
P0893,Project_893,Infrastructure,SP Setia,2022-03-01,2023-11-13,2024-02-06,112911808,145664166,85
P0894,Project_894,Commercial,SP Setia,2024-01-31,2025-03-17,2025-03-17,80103071,89206013,0
P0895,Project_895,Industrial,IJM,2023-02-18,2024-08-17,2024-08-17,123687076,149746237,0
P0896,Project_896,Commercial,WCT,2022-11-05,2023-04-30,2023-04-30,109688093,127130504,0
P0897,Project_897,Commercial,Gamuda,2023-07-08,2024-07-22,2024-07-22,142350800,154090122,0
P0898,Project_898,Industrial,WCT,2022-01-29,2023-11-02,2023-11-02,69784153,70229357,0
P0899,Project_899,Residential,UEM,2022-04-24,2022-09-22,2022-09-22,141230827,129467217,0
P0900,Project_900,Commercial,Sunway,2022-11-02,2024-09-08,2024-09-19,95994329,115476674,11
P0901,Project_901,Infrastructure,WCT,2022-11-03,2023-11-19,2023-11-19,106378871,104961017,0
P0902,Project_902,Industrial,Gamuda,2023-08-20,2024-06-02,2024-09-12,31303409,34427084,102
P0903,Project_903,Industrial,WCT,2022-04-05,2022-09-05,2022-09-05,132843211,123188889,0
P0904,Project_904,Industrial,SP Setia,2023-07-27,2025-04-08,2025-04-08,138902934,173459083,0
P0905,Project_905,Residential,SP Setia,2023-03-03,2023-11-14,2023-11-14,135127953,127734402,0
P0906,Project_906,Residential,WCT,2022-08-06,2024-02-13,2024-02-13,47101334,48479812,0
P0907,Project_907,Commercial,Gamuda,2024-05-22,2025-10-12,2025-10-12,104209976,95258208,0
P0908,Project_908,Commercial,WCT,2023-01-16,2024-02-22,2024-02-22,83915003,98761354,0
P0909,Project_909,Residential,Gamuda,2023-03-08,2023-07-25,2023-07-25,62869707,72858516,0
P0910,Project_910,Industrial,Sunway,2023-07-15,2024-10-04,2024-10-04,117091976,118075040,0
P0911,Project_911,Industrial,SP Setia,2024-03-11,2025-06-30,2025-06-30,42184292,44771355,0
P0912,Project_912,Infrastructure,WCT,2023-04-05,2023-12-03,2023-12-03,114958767,139684736,0
P0913,Project_913,Infrastructure,WCT,2022-02-16,2023-08-13,2023-08-13,49456878,54412367,0
P0914,Project_914,Residential,WCT,2023-10-23,2024-05-26,2024-05-26,56654156,61732748,0
P0915,Project_915,Residential,Sunway,2023-06-19,2024-03-28,2024-03-28,37288268,40500682,0
P0916,Project_916,Industrial,WCT,2024-03-16,2025-01-10,2025-03-23,27722509,33901152,72
P0917,Project_917,Infrastructure,UEM,2022-02-16,2023-10-02,2023-10-02,122310970,111109722,0
P0918,Project_918,Residential,IJM,2022-09-21,2023-03-23,2023-03-23,50139030,48330721,0
P0919,Project_919,Infrastructure,UEM,2022-11-11,2024-04-01,2024-04-01,92319557,106135660,0
P0920,Project_920,Residential,Gamuda,2022-04-12,2023-06-03,2023-07-19,92031551,116422880,46
P0921,Project_921,Residential,Sunway,2022-07-27,2023-06-27,2023-06-27,137333160,147845661,0
P0922,Project_922,Commercial,Gamuda,2022-03-04,2023-04-23,2023-08-29,22571305,26356521,128
P0923,Project_923,Commercial,Sunway,2022-10-03,2024-07-21,2024-07-21,71119972,80226373,0
P0924,Project_924,Infrastructure,WCT,2023-08-05,2024-12-23,2024-12-23,139333793,172602387,0
P0925,Project_925,Infrastructure,SP Setia,2022-06-22,2023-05-29,2023-10-23,126263570,156831290,147
P0926,Project_926,Industrial,Sunway,2022-06-21,2022-09-19,2022-10-14,78364198,96109060,25
P0927,Project_927,Residential,Sunway,2024-05-12,2025-03-15,2025-03-15,17209714,18705775,0
P0928,Project_928,Infrastructure,SP Setia,2022-04-02,2023-08-09,2023-08-09,80016515,77919887,0
P0929,Project_929,Commercial,UEM,2022-12-17,2023-12-09,2023-12-09,71015871,71908781,0
P0930,Project_930,Residential,SP Setia,2023-09-06,2024-11-05,2024-11-05,5549625,5002974,0
P0931,Project_931,Residential,WCT,2022-06-27,2023-11-22,2024-04-22,110439052,149780958,152
P0932,Project_932,Commercial,SP Setia,2022-02-01,2023-07-31,2023-07-31,106032783,108714140,0
P0933,Project_933,Residential,Sunway,2022-01-09,2022-08-14,2022-08-14,56805588,55529295,0
P0934,Project_934,Industrial,Sunway,2023-11-28,2025-02-26,2025-02-26,86383867,84431737,0
P0935,Project_935,Industrial,Gamuda,2022-02-07,2023-02-19,2023-02-19,6915395,8211293,0
P0936,Project_936,Commercial,Gamuda,2024-06-09,2025-06-18,2025-11-20,50762096,66573016,155
P0937,Project_937,Infrastructure,IJM,2023-08-26,2024-04-03,2024-04-03,74692414,89587398,0
P0938,Project_938,Residential,Sunway,2024-05-18,2024-09-08,2024-09-08,126849866,133127674,0
P0939,Project_939,Residential,SP Setia,2023-03-19,2024-08-06,2024-08-06,144128827,147950423,0
P0940,Project_940,Commercial,Sunway,2022-08-18,2023-01-03,2023-03-25,147917797,142997018,81
P0941,Project_941,Commercial,IJM,2022-03-25,2024-01-29,2024-01-29,118768382,145010057,0
P0942,Project_942,Infrastructure,Sunway,2022-12-04,2024-01-16,2024-01-16,12482035,14764009,0
P0943,Project_943,Commercial,Gamuda,2022-09-11,2023-03-30,2023-03-30,96483331,114580885,0
P0944,Project_944,Residential,Gamuda,2024-03-05,2026-02-07,2026-07-25,30681420,40255976,168
P0945,Project_945,Residential,Sunway,2022-02-04,2023-05-26,2023-05-26,39235129,46330232,0
P0946,Project_946,Industrial,UEM,2023-09-18,2025-03-03,2025-03-03,19976003,20040343,0
P0947,Project_947,Residential,Sunway,2022-04-09,2023-09-01,2023-09-01,126711655,149305310,0
P0948,Project_948,Residential,WCT,2023-10-29,2024-02-22,2024-02-22,56668810,51245661,0
P0949,Project_949,Industrial,IJM,2024-03-19,2025-01-01,2025-01-01,141606268,148311671,0
P0950,Project_950,Infrastructure,Sunway,2022-09-06,2023-04-24,2023-04-24,39274041,41337767,0
P0951,Project_951,Infrastructure,Gamuda,2023-08-21,2025-05-26,2025-05-26,131036825,133659541,0
P0952,Project_952,Residential,UEM,2023-06-15,2025-05-05,2025-05-05,20386089,24192463,0
P0953,Project_953,Industrial,WCT,2022-12-19,2023-10-05,2023-10-05,23361998,26486689,0
P0954,Project_954,Industrial,Gamuda,2023-12-11,2025-02-12,2025-02-12,85431743,81740920,0
P0955,Project_955,Industrial,SP Setia,2023-05-23,2024-04-01,2024-04-01,66813708,65116538,0
P0956,Project_956,Infrastructure,Gamuda,2024-02-26,2025-04-30,2025-04-30,112458087,140174205,0
P0957,Project_957,Infrastructure,Gamuda,2022-03-17,2023-06-16,2023-06-16,43225739,41844296,0
P0958,Project_958,Commercial,Sunway,2022-01-31,2022-11-20,2022-11-20,51747125,51317603,0
P0959,Project_959,Residential,Gamuda,2024-05-17,2026-03-05,2026-03-05,57610010,68844451,0
P0960,Project_960,Commercial,Sunway,2024-05-01,2024-12-17,2024-12-17,95834068,96483375,0
P0961,Project_961,Industrial,SP Setia,2024-04-08,2025-07-23,2025-07-23,146445818,182939122,0
P0962,Project_962,Infrastructure,Sunway,2022-03-08,2022-10-05,2022-10-05,55906403,57716005,0
P0963,Project_963,Infrastructure,IJM,2023-09-06,2025-02-16,2025-02-16,17400426,19237285,0
P0964,Project_964,Industrial,IJM,2022-12-02,2023-11-10,2023-11-10,38945953,48251485,0
P0965,Project_965,Infrastructure,UEM,2024-01-15,2024-07-06,2024-07-06,49945099,58084043,0
P0966,Project_966,Industrial,UEM,2023-06-16,2025-01-01,2025-01-01,105362304,112648525,0
P0967,Project_967,Commercial,UEM,2022-10-02,2024-08-17,2024-08-17,60619718,58864787,0
P0968,Project_968,Residential,IJM,2022-08-12,2023-09-19,2024-01-15,47200558,57592348,118
P0969,Project_969,Industrial,WCT,2024-02-09,2024-08-03,2024-10-27,144269877,169562614,85
P0970,Project_970,Industrial,Sunway,2023-09-29,2024-12-06,2025-04-04,130507262,148085042,119
P0971,Project_971,Infrastructure,Gamuda,2022-10-07,2024-01-31,2024-01-31,123564852,139118478,0
P0972,Project_972,Residential,Sunway,2022-10-29,2024-06-23,2024-06-23,79202256,74010008,0
P0973,Project_973,Infrastructure,IJM,2022-02-09,2023-11-20,2023-11-20,57786844,57064986,0
P0974,Project_974,Infrastructure,UEM,2023-12-24,2025-12-01,2025-12-01,7290795,7280922,0
P0975,Project_975,Commercial,UEM,2023-02-20,2025-01-03,2025-01-03,131702606,164133861,0
P0976,Project_976,Industrial,SP Setia,2022-08-22,2023-07-10,2023-09-11,67739590,84517628,63
P0977,Project_977,Industrial,IJM,2024-04-13,2025-10-27,2025-10-27,89040385,93499308,0
P0978,Project_978,Infrastructure,SP Setia,2023-03-26,2024-09-26,2024-09-26,105582810,127313079,0
P0979,Project_979,Industrial,SP Setia,2022-01-10,2023-09-03,2023-09-03,96220338,100935305,0
P0980,Project_980,Infrastructure,WCT,2023-07-05,2024-08-04,2024-08-04,13646034,13015477,0
P0981,Project_981,Industrial,IJM,2023-10-07,2025-09-13,2026-02-25,107359423,121470638,165
P0982,Project_982,Commercial,Gamuda,2023-05-02,2023-11-19,2024-02-21,86777644,84336770,94
P0983,Project_983,Industrial,Sunway,2024-04-26,2026-04-03,2026-04-03,55114780,67183310,0
P0984,Project_984,Commercial,Sunway,2022-07-30,2023-06-23,2023-06-23,127047855,137400487,0
P0985,Project_985,Residential,UEM,2024-05-30,2025-10-22,2025-10-22,34727603,36340513,0
P0986,Project_986,Industrial,IJM,2024-06-05,2025-04-02,2025-04-02,88149808,101229922,0
P0987,Project_987,Commercial,Gamuda,2023-09-11,2025-07-20,2025-07-20,139882110,148363827,0
P0988,Project_988,Industrial,UEM,2022-05-27,2023-11-24,2023-12-20,71260641,89083625,26
P0989,Project_989,Infrastructure,SP Setia,2023-04-19,2025-02-26,2025-02-26,82285730,100521363,0
P0990,Project_990,Industrial,UEM,2024-05-12,2025-06-10,2025-06-10,116414876,141442632,0
P0991,Project_991,Commercial,Sunway,2023-01-29,2023-11-02,2023-11-02,110643126,101269723,0
P0992,Project_992,Residential,Sunway,2023-10-06,2025-07-07,2025-07-07,63318909,66101607,0
P0993,Project_993,Residential,UEM,2022-03-20,2022-10-03,2022-10-03,115084324,113757207,0
P0994,Project_994,Commercial,UEM,2022-01-28,2022-07-11,2022-12-31,107315668,125959937,173
P0995,Project_995,Industrial,UEM,2022-02-08,2022-05-19,2022-05-19,41636224,48382816,0
P0996,Project_996,Commercial,IJM,2022-03-11,2022-09-01,2022-09-01,122500548,145426444,0
P0997,Project_997,Industrial,IJM,2024-05-08,2024-08-24,2024-08-24,52576589,57157526,0
P0998,Project_998,Residential,SP Setia,2022-03-21,2022-06-30,2022-06-30,123288228,120309011,0
P0999,Project_999,Residential,UEM,2023-06-30,2024-05-06,2024-05-06,145358045,167269847,0
P1000,Project_1000,Commercial,IJM,2023-12-08,2025-01-16,2025-01-16,6252448,6453079,0
